title,url,rating,review_count,price,prod_type
"HUAWEI FullHD Monitor 'AD80' mit 60,45 cm (23,8 Zoll) Diagonale, HDMI, VGA, Schwarz + HUAWEI AX3 3000 Mbit/s Dual Band WLAN Router",https://www.amazon.de/gp/slredirect/picassoRedirect.html/ref=pa_sp_atf_next_aps_sr_pg2_1?ie=UTF8&adId=A06549932M6TA56G11CV3&url=%2FHUAWEI-FullHD-Monitor-Diagonale-Schwarz%2Fdp%2FB08WSCN3MY%2Fref%3Dsr_1_17_sspa%3Fdchild%3D1%26keywords%3DMonitor%26qid%3D1617015152%26sr%3D8-17-spons%26psc%3D1&qualifier=1617015152&id=3586572420085179&widgetName=sp_atf_next,,,159.00,monitor
"HUAWEI MateBook D16 Laptop, 16,1 Zoll FullView 1080p FullHD Display, 512GB PCIe SSD+16GB RAM + Eye Comfort FullHD Monitor 'AD80' mit 60,45 cm (23,8 Zoll) Diagonale",https://www.amazon.de/gp/slredirect/picassoRedirect.html/ref=pa_sp_atf_next_aps_sr_pg2_1?ie=UTF8&adId=A0883438F5E84CEN70J1&url=%2FHUAWEI-MateBook-FullView-Display-Diagonale%2Fdp%2FB08XKWZYCX%2Fref%3Dsr_1_18_sspa%3Fdchild%3D1%26keywords%3DMonitor%26qid%3D1617015152%26sr%3D8-18-spons%26psc%3D1&qualifier=1617015152&id=3586572420085179&widgetName=sp_atf_next,4.7,451.0,899.00,monitor
Dell P2421DC,https://www.amazon.de/Dell-DELL-P2421DC-P2421DC/dp/B085XD8NV3/ref=sr_1_19?dchild=1&keywords=Monitor&qid=1617015152&sr=8-19,4.4,35.0,"285,01 €",monitor
"LG Electronics 32UL750-W 80cm (31,5"""") 4K Monitor HDMI/DP/USB-C 400cd/m² HDR600 HV LS, bk",https://www.amazon.de/LG-Electronics-32UL750-W/dp/B07NS7JKJH/ref=sr_1_20?dchild=1&keywords=Monitor&qid=1617015152&sr=8-20,4.0,220.0,"579,29 €",monitor
"Tragbarer Monitor - 15,6 Zoll USB Monitor IPS Bildschirm Tragbar 1920×1080 Full-HD Portable Monitor mit USB-C/Typ-C Mini-HDMI für PC, Handy, Xbox, PS4 usw, mit Schutzhülle",https://www.amazon.de/Tragbarer-Monitor-Bildschirm-Schutzh%C3%BClle-Displayschutz/dp/B07TLXJVCD/ref=sr_1_21?dchild=1&keywords=Monitor&qid=1617015152&sr=8-21,4.3,679.0,"199,00 €",monitor
"Portable USB C Monitor, UPERFECT 15,6 Zoll Tragbarer Monitor IPS Bildschirm 1920 x 1080 Full HD mit HDMI Typ-C Anschluß für Raspberry Pi, Xbox, PS4 mit Schutzhülle",https://www.amazon.de/1920X1080-Tragbarer-Raspberry-inklusive-Schutzh%C3%BClle/dp/B07S2QK29B/ref=sr_1_22?dchild=1&keywords=Monitor&qid=1617015152&sr=8-22,4.4,1.221,"199,99 €",monitor
"Z-Edge Tragbarer Monitor USB Typ-C Portable Monitor 15,6 Zoll IPS Bildschirm 1920x1080 Full HD Gaming Monitor mit Mini-HDMI Typ-C Für Laptop PC Mac Smartphone Xbox PS4 Switch usw, inkl. Schutzhülle",https://www.amazon.de/gp/slredirect/picassoRedirect.html/ref=pa_sp_mtf_aps_sr_pg2_1?ie=UTF8&adId=A00605591PCBVCFX8MJP5&url=%2FZ-Edge-Tragbarer-Bildschirm-Smartphone-Schutzh%25C3%25BClle%2Fdp%2FB08CKSGLHK%2Fref%3Dsr_1_23_sspa%3Fdchild%3D1%26keywords%3DMonitor%26qid%3D1617015152%26smid%3DA31VKF274A20Z0%26sr%3D8-23-spons%26psc%3D1&qualifier=1617015152&id=3586572420085179&widgetName=sp_mtf,4.4,98.0,"143,99 €",monitor
"Acer RG240Y Gaming Monitor 23,8 Zoll (60 cm Bildschirm) Full HD, 75Hz HDMI/DP, 60Hz VGA, 1ms (VRB), 2xHDMI 1.4, VGA, HDMI/DP FreeSync",https://www.amazon.de/Acer-Nitro-23-8Zoll-Schwarz-Computerbildschirm/dp/B07C5H9NDT/ref=sr_1_24?dchild=1&keywords=Monitor&qid=1617015152&sr=8-24,4.6,543.0,"165,24 €",monitor
"WIMAXIT 10,1 Zoll HDMI VGA 1920x1080 Auflösung Monitor für PC, Kamera, CCTV Überwachung Monitore",https://www.amazon.de/WIMAXIT-1920x1080-Aufl%C3%B6sung-%C3%9Cberwachung-Monitore/dp/B077S2R57P/ref=sr_1_25?dchild=1&keywords=Monitor&qid=1617015152&sr=8-25,4.2,244.0,"115,99 €",monitor
Samsung T35F 27 Zoll IPS-Monitor 1080p Mit HDMI Randlos Full HD,https://www.amazon.de/Samsung-T35F-IPS-Monitor-1080p-Randlos/dp/B08C7VBC81/ref=sr_1_26?dchild=1&keywords=Monitor&qid=1617015152&sr=8-26,4.5,81.0,,monitor
"Samsung lu32j590uquxen Serie 5 Monitor 80,1cm 16:9 (32 Zoll) Blau/Grau",https://www.amazon.de/Samsung-lu32j590uquxen-Notebookdisplay-2160-Pixel-schwarz/dp/B07BVXGBHT/ref=sr_1_27?dchild=1&keywords=Monitor&qid=1617015152&sr=8-27,4.2,853.0,"307,97 €",monitor
"Vaydeer USB 3.0 Monitorständer mit kabelloser Aufladung Aluminium Monitor Stand Riser Unterstützt Datenübertragung, Metall Monitor Ständer Unterstützt bis zu 32 Zoll für Computer, Laptop - Grau",https://www.amazon.de/gp/slredirect/picassoRedirect.html/ref=pa_sp_mtf_aps_sr_pg2_1?ie=UTF8&adId=A048605413HO0ON5PH0F&url=%2FMonitorst%25C3%25A4nder-Aluminium-Anschl%25C3%25BCssen-Unterst%25C3%25BCtzt-Daten%25C3%25BCbertragung%2Fdp%2FB08332XWNP%2Fref%3Dsr_1_28_sspa%3Fdchild%3D1%26keywords%3DMonitor%26qid%3D1617015152%26sr%3D8-28-spons%26psc%3D1&qualifier=1617015152&id=3586572420085179&widgetName=sp_mtf,4.6,63.0,"85,99 €",monitor
"Portable Monitor - IVV 15.8 Zoll Tragbarer USB C Monitor IPS Bildschirm, 1080P Full HD Mobiler Monitor mit HDMI Typ-C Anschluß, für Handy, PC, Laptop, Raspberry Pi, PS4 PS5, Xbox, Switch (Szary)",https://www.amazon.de/Portable-Monitor-Tragbarer-Bildschirm-Raspberry/dp/B08QN4F9BZ/ref=sr_1_29?dchild=1&keywords=Monitor&qid=1617015152&sr=8-29,4.5,71.0,"199,99 €",monitor
"Dell S2421HGF, 24 Zoll, Gaming Monitor, Full HD 1920 x 1080, 144Hz, TN entspiegelt, 16:9, FreeSync, 1ms, höhenverstellbar",https://www.amazon.de/Dell-S2421HGF-Gaming-Monitor-Reaktionszeit/dp/B086M269P3/ref=sr_1_30?dchild=1&keywords=Monitor&qid=1617015152&sr=8-30,4.6,2.564,"179,90 €",monitor
WIMAXIT Portable Touch Screen Monitor 13.3 Inch IPS Ultrathin 1920X 1080 Screen 10 Capacitive Touch HDMI Monitor 5V 2A USB Powered Compatible for PS4 PC Switch,https://www.amazon.de/WIMAXIT-Touchscreen-Monitor-3-Zoll-IPS-Ultrad%C2%A8%C2%B9nne-Kapazitiver-Touch-HDMI-Monitor/dp/B07MT7R9RH/ref=sr_1_31?dchild=1&keywords=Monitor&qid=1617015152&sr=8-31,4.0,283.0,"219,99 €",monitor
"AOC i1659FWUX - 16 Zoll tragbarer FHD USB Monitor, AutoPivot (1920x1080, 60 Hz, USB 3.0) schwarz",https://www.amazon.de/AOC-I1659FWUX-tragbarer-Monitor-Stromversorgung/dp/B07DKTPH6G/ref=sr_1_32?dchild=1&keywords=Monitor&qid=1617015152&sr=8-32,4.2,141.0,"157,90 €",monitor
"V7 PS27.0W9A2- 2E 27"" Blickschutzfilter (16:9, 58,19 x 36,34 cm / 22,91 x 14,31 Zoll, matt/glossy, Reinigungstuch, Befestigungslaschen)",https://www.amazon.de/gp/slredirect/picassoRedirect.html/ref=pa_sp_mtf_aps_sr_pg2_1?ie=UTF8&adId=A01714543DZJEYQAD3YQK&url=%2FV7-PS27-0W9A2-Blickschutzfilter-Reinigungstuch-Befestigungslaschen%2Fdp%2FB078YDG157%2Fref%3Dsr_1_33_sspa%3Fdchild%3D1%26keywords%3DMonitor%26qid%3D1617015152%26sr%3D8-33-spons%26psc%3D1&qualifier=1617015152&id=3586572420085179&widgetName=sp_mtf,3.9,129.0,"78,99 €",monitor
"Samsung Odyssey C27G53T 27 Zoll 1000R Curved Gaming Monitor mit 2560x1440p Auflösung, 144hz Bildwiederholrate, 1ms Reaktionszeit",https://www.amazon.de/Samsung-LC27G53TQWUXEN-Monitor-27-Gaming/dp/B08C7VLHDK/ref=sr_1_34?dchild=1&keywords=Monitor&qid=1617015152&sr=8-34,4.4,498.0,"344,90 €",monitor
"HP 24m 60,45 cm (23,8 Zoll / FHD IPS) Monitor (HDMI, VGA, 60 Hz, 5ms Reaktionszeit, 1920x1080) schwarz",https://www.amazon.de/HP-Zoll-Monitor-HDMI-1920/dp/B07PN63WQ8/ref=sr_1_35?dchild=1&keywords=Monitor&qid=1617015152&sr=8-35,4.6,1.624,"133,33 €",monitor
"ASUS TUF Gaming VG27VH1B 68,56 cm (27 Zoll) Curved Monitor (Full HD, 165Hz, FreeSync Premium, VGA, HDMI, 1ms Reaktionszeit) schwarz",https://www.amazon.de/ASUS-VG27VH1B-Monitor-FreeSync-Reaktionszeit/dp/B08C7HH22B/ref=sr_1_36?dchild=1&keywords=Monitor&qid=1617015152&sr=8-36,4.5,1.516,"284,00 €",monitor
"AOC Gaming 24G2AE - 24 Zoll FHD Monitor, 144 Hz, 1ms, FreeSync Premium ( 1920x1080, HDMI, DisplayPort) schwarz/rot",https://www.amazon.de/AOC-Gaming-24G2AE-1920x1080-DisplayPort/dp/B08KJ8GZXT/ref=sr_1_37?dchild=1&keywords=Monitor&qid=1617015152&sr=8-37,4.6,5.013,"231,67 €",monitor
"HUANUO Monitor Halterung mit Laptop Arm, Volleinstellbar für 13 bis 27 Zoll LCD LED Bildschirm & max. 15.6 Zoll Notebook, 2 Montageoptionen",https://www.amazon.de/gp/slredirect/picassoRedirect.html/ref=pa_sp_btf_aps_sr_pg2_1?ie=UTF8&adId=A0462542UCX41GOS5YK3&url=%2FHUANUO-Halterung-Volleinstellbar-Bildschirm-Montageoptionen-Schwarz%2Fdp%2FB07DWM9WNM%2Fref%3Dsr_1_38_sspa%3Fdchild%3D1%26keywords%3DMonitor%26qid%3D1617015152%26sr%3D8-38-spons%26psc%3D1%26smid%3DA2F7OKQRG33SQI&qualifier=1617015152&id=3586572420085179&widgetName=sp_btf,4.7,3.663,"54,99 €",monitor
"HUAWEI FullHD Monitor 'AD80' mit 60,45 cm (23,8 Zoll) Diagonale, HDMI, VGA, Schwarz + HUAWEI AX3 3000 Mbit/s Dual Band WLAN Router",https://www.amazon.de/gp/slredirect/picassoRedirect.html/ref=pa_sp_atf_next_aps_sr_pg3_1?ie=UTF8&adId=A06549932M6TA56G11CV3&url=%2FHUAWEI-FullHD-Monitor-Diagonale-Schwarz%2Fdp%2FB08WSCN3MY%2Fref%3Dsr_1_33_sspa%3Fdchild%3D1%26keywords%3DMonitor%26qid%3D1617015153%26sr%3D8-33-spons%26psc%3D1&qualifier=1617015154&id=2022378487454218&widgetName=sp_atf_next,,,159.00,monitor
"HUAWEI MateBook D16 Laptop, 16,1 Zoll FullView 1080p FullHD Display, 512GB PCIe SSD+16GB RAM + Eye Comfort FullHD Monitor 'AD80' mit 60,45 cm (23,8 Zoll) Diagonale",https://www.amazon.de/gp/slredirect/picassoRedirect.html/ref=pa_sp_atf_next_aps_sr_pg3_1?ie=UTF8&adId=A0883438F5E84CEN70J1&url=%2FHUAWEI-MateBook-FullView-Display-Diagonale%2Fdp%2FB08XKWZYCX%2Fref%3Dsr_1_34_sspa%3Fdchild%3D1%26keywords%3DMonitor%26qid%3D1617015153%26sr%3D8-34-spons%26psc%3D1&qualifier=1617015154&id=2022378487454218&widgetName=sp_atf_next,4.7,451.0,899.00,monitor
"MSI Optix 4, Monitor WQHD (1440p), 144 Hz, 1ms, VA 31.5"" (16:9) Schwarz",https://www.amazon.de/MSI-0008010-hh5-Anzeige-Kurve-1440-Pixel-Helligkeit/dp/B0796VCP91/ref=sr_1_35?dchild=1&keywords=Monitor&qid=1617015153&sr=8-35,4.4,500.0,"488,90 €",monitor
"Acer K222HQLBID 55 cm (21,5 Zoll) Monitor (VGA, DVI, HDMI, 5ms Reaktionszeit) schwarz",https://www.amazon.de/Acer-K222HQLBID-Monitor-Reaktionszeit-schwarz/dp/B00LX2JC4O/ref=sr_1_36?dchild=1&keywords=Monitor&qid=1617015153&sr=8-36,4.4,2.015,"101,56 €",monitor
"Samsung U32R594CWU Computerbildschirm 80 cm (31.5 Zoll) 4K Ultra HD LCD Gebogen Grau - Computerbildschirme (80 cm (31.5 Zoll), 3840 x 2160 Pixel, 4K Ultra HD, LCD, 4 ms, Grau)",https://www.amazon.de/Samsung-U32R594CWU-Computerbildschirm-Ultra-Gebogen/dp/B07PT858YH/ref=sr_1_37?dchild=1&keywords=Monitor&qid=1617015153&sr=8-37,4.7,152.0,"352,46 €",monitor
"KKmoon Mini Monitor 1080p 10,1 Zoll LED IPS HD CCTV Monitor mit HDMI/VGA/BNC/AV/USB mit Lautsprecher Eingang Empfängerunterstützen Festplatte für CCTV Kamera, PC, Überwachungssystem",https://www.amazon.de/KKmoon-USB-Eingang-unterst%C3%BCtzen-Lautsprecher-CCTV-Kamera-%C3%9Cberwachungssystem/dp/B06XHWWLW9/ref=sr_1_38?dchild=1&keywords=Monitor&qid=1617015153&sr=8-38,4.0,260.0,"79,99 €",monitor
"Z-Edge Tragbarer Monitor USB Typ-C Portable Monitor 15,6 Zoll IPS Bildschirm 1920x1080 Full HD Gaming Monitor mit Mini-HDMI Typ-C Für Laptop PC Mac Smartphone Xbox PS4 Switch usw, inkl. Schutzhülle",https://www.amazon.de/gp/slredirect/picassoRedirect.html/ref=pa_sp_mtf_aps_sr_pg3_1?ie=UTF8&adId=A00605591PCBVCFX8MJP5&url=%2FZ-Edge-Tragbarer-Bildschirm-Smartphone-Schutzh%25C3%25BClle%2Fdp%2FB08CKSGLHK%2Fref%3Dsr_1_39_sspa%3Fdchild%3D1%26keywords%3DMonitor%26qid%3D1617015153%26smid%3DA31VKF274A20Z0%26sr%3D8-39-spons%26psc%3D1&qualifier=1617015154&id=2022378487454218&widgetName=sp_mtf,4.4,98.0,"143,99 €",monitor
Samsung T35F 24 Zoll IPS-Monitor 1080p Mit HDMI Randlos Full HD,https://www.amazon.de/Samsung-T35F-IPS-Monitor-1080p-Randlos/dp/B08C7VKYTK/ref=sr_1_40?dchild=1&keywords=Monitor&qid=1617015153&sr=8-40,4.5,22.0,"163,88 €",monitor
"Acer VG270UP Gaming Monitor 27 Zoll (69 cm Bildschirm) WQHD, 144Hz DP/HDMI2, 70Hz HDMI1, 1ms (VRB), HDMI 2.0, HDMI 1.4, DP 1.2a, HDMI/DP FreeSync",https://www.amazon.de/Acer-DisplayPort-ZeroFrame-Design-Reaktionszeit-Aufl%C3%B6sung/dp/B07G9J35CQ/ref=sr_1_41?dchild=1&keywords=Monitor&qid=1617015153&sr=8-41,4.7,2.647,"359,31 €",monitor
"Xiaomi Mi Curved Gaming Monitor 34"" (86,36cm) mit AMD FreeSyncPremium (WQHD 3.440 x 1.440, 21:9, 144Hz, 4ms, 300lm, 121% sRGB, 2 HDMI, 2 Display Port, Audio Out, TÜV zertifizierte Blaulicht Reduktion)",https://www.amazon.de/Xiaomi-Curved-Gaming-Monitor-FreeSyncPremium/dp/B08DM7C7BD/ref=sr_1_42?dchild=1&keywords=Monitor&qid=1617015153&sr=8-42,4.7,346.0,"480,00 €",monitor
"AOC Gaming G2790PX - 27 Zoll FHD Monitor, 144 Hz, 1ms, FreeSync Premium (1920x1080, HDMI, DisplayPort, USB Hub, schwarz",https://www.amazon.de/AOC-G2790PX-Monitor-DisplayPort-Reaktionszeit/dp/B0789XY972/ref=sr_1_43?dchild=1&keywords=Monitor&qid=1617015153&sr=8-43,4.5,288.0,"281,63 €",monitor
"Vaydeer USB 3.0 Monitorständer mit kabelloser Aufladung Aluminium Monitor Stand Riser Unterstützt Datenübertragung, Metall Monitor Ständer Unterstützt bis zu 32 Zoll für Computer, Laptop - Grau",https://www.amazon.de/gp/slredirect/picassoRedirect.html/ref=pa_sp_mtf_aps_sr_pg3_1?ie=UTF8&adId=A048605413HO0ON5PH0F&url=%2FMonitorst%25C3%25A4nder-Aluminium-Anschl%25C3%25BCssen-Unterst%25C3%25BCtzt-Daten%25C3%25BCbertragung%2Fdp%2FB08332XWNP%2Fref%3Dsr_1_44_sspa%3Fdchild%3D1%26keywords%3DMonitor%26qid%3D1617015153%26sr%3D8-44-spons%26psc%3D1&qualifier=1617015154&id=2022378487454218&widgetName=sp_mtf,4.6,63.0,"85,99 €",monitor
"HP 24f (23,8 Zoll / Full HD IPS) Monitor (AMD FreeSync, HDMI, VGA, 1920 x 1080, 60Hz, Reaktionszeit 5ms) schwarz / silber",https://www.amazon.de/HP-2XN60AA-Monitor-FreeSync-Reaktionszeit/dp/B07CP9DN99/ref=sr_1_45?dchild=1&keywords=Monitor&qid=1617015153&sr=8-45,4.6,9.142,"121,90 €",monitor
"Philips 242V8A 60 cm (23,8 Zoll) Monitor (HDMI, DisplayPort, 4 ms Reaktionszeit, 1920 x 1080, 75 Hz, FreeSync) schwarz",https://www.amazon.de/Philips-242V8A-DisplayPort-Reaktionszeit-FreeSync/dp/B07XTQ2GYG/ref=sr_1_46?dchild=1&keywords=Monitor&qid=1617015153&sr=8-46,4.4,73.0,"125,02 €",monitor
"Samsung Odyssey G3 27 Zoll 1080p Gaming Monitor (F27G33T), 144Hz, 1ms, FreeSync Premium, Schwarz",https://www.amazon.de/Samsung-Odyssey-Monitor-F27G33T-FreeSync/dp/B08KNX9YYH/ref=sr_1_47?dchild=1&keywords=Monitor&qid=1617015153&sr=8-47,5.0,1.0,"289,00 €",monitor
"G-STORY 15,6 Zoll 165Hz Tragbarer Monitor, FHD 1920 x 1080 144Hz 1ms Gaming Monitor IPS Bildschirm Monitor USB C Monitor mit Schutzhülle USB-C/Typ-C Mini-HDMI Anschluß für Laptop, PS4, Xbox usw.",https://www.amazon.de/G-STORY-Tragbarer-Bildschirm-Schutzh%C3%BClle-Mini-HDMI/dp/B08B8471BF/ref=sr_1_48?dchild=1&keywords=Monitor&qid=1617015153&sr=8-48,4.3,49.0,"249,00 €",monitor
"V7 PS27.0W9A2- 2E 27"" Blickschutzfilter (16:9, 58,19 x 36,34 cm / 22,91 x 14,31 Zoll, matt/glossy, Reinigungstuch, Befestigungslaschen)",https://www.amazon.de/gp/slredirect/picassoRedirect.html/ref=pa_sp_mtf_aps_sr_pg3_1?ie=UTF8&adId=A01714543DZJEYQAD3YQK&url=%2FV7-PS27-0W9A2-Blickschutzfilter-Reinigungstuch-Befestigungslaschen%2Fdp%2FB078YDG157%2Fref%3Dsr_1_49_sspa%3Fdchild%3D1%26keywords%3DMonitor%26qid%3D1617015153%26sr%3D8-49-spons%26psc%3D1&qualifier=1617015154&id=2022378487454218&widgetName=sp_mtf,3.9,129.0,"78,99 €",monitor
"Lenovo Q24h-10 60,45 cm (23,8 Zoll, 2560x1440, WQHD, 75Hz, WideView, entspiegelt) Monitor (HDMI, DisplayPort, 4ms Reaktionszeit, AMD Radeon FreeSync) grau",https://www.amazon.de/Lenovo-Q24h-10-entspiegelt-DisplayPort-Reaktionszeit/dp/B089G4GYLF/ref=sr_1_50?dchild=1&keywords=Monitor&qid=1617015153&sr=8-50,4.4,101.0,"219,99 €",monitor
Samsung M5 Smart Monitor 27 Zoll Bildschirm VA mit Lautsprechern FHD Randlos Smart TV Apps,https://www.amazon.de/Samsung-Monitor-Bildschirm-Lautsprechern-Randlos/dp/B08KP24Z7T/ref=sr_1_51?dchild=1&keywords=Monitor&qid=1617015153&sr=8-51,4.5,106.0,"259,00 €",monitor
"Acer CB272 Monitor 27 Zoll (69 cm Bildschirm) Full HD, 75Hz HDMI/DP, 60Hz VGA, 1ms (VRB), HDMI 1.4, DP 1.2, VGA, höhenverstellbar, drehbar, HDMI/DP FreeSync",https://www.amazon.de/Acer-CB272bmiprx-ZeroFrame-1920x1080-H%C3%B6henverstellbar/dp/B07VN7T857/ref=sr_1_52?dchild=1&keywords=Monitor&qid=1617015153&sr=8-52,4.5,201.0,"173,89 €",monitor
"Philips 273V7QJAB - 27 Zoll FHD Monitor (1920x1080, 75 Hz, VGA, HDMI, DisplayPort) schwarz",https://www.amazon.de/Philips-273V7QJAB-00-Reaktionszeit-DisplayPort/dp/B0747VJSL6/ref=sr_1_53?dchild=1&keywords=Monitor&qid=1617015153&sr=8-53,4.6,996.0,"152,93 €",monitor
"HUANUO Monitor Halterung mit Laptop Arm, Volleinstellbar für 13 bis 27 Zoll LCD LED Bildschirm & max. 15.6 Zoll Notebook, 2 Montageoptionen",https://www.amazon.de/gp/slredirect/picassoRedirect.html/ref=pa_sp_btf_aps_sr_pg3_1?ie=UTF8&adId=A0462542UCX41GOS5YK3&url=%2FHUANUO-Halterung-Volleinstellbar-Bildschirm-Montageoptionen-Schwarz%2Fdp%2FB07DWM9WNM%2Fref%3Dsr_1_54_sspa%3Fdchild%3D1%26keywords%3DMonitor%26qid%3D1617015153%26sr%3D8-54-spons%26psc%3D1%26smid%3DA2F7OKQRG33SQI&qualifier=1617015154&id=2022378487454218&widgetName=sp_btf,4.7,3.663,"54,99 €",monitor
"HUAWEI MateBook D16 Laptop, 16,1 Zoll FullView 1080p FullHD Display, 512GB PCIe SSD+16GB RAM + Eye Comfort FullHD Monitor 'AD80' mit 60,45 cm (23,8 Zoll) Diagonale",https://www.amazon.de/gp/slredirect/picassoRedirect.html/ref=pa_sp_atf_next_aps_sr_pg5_1?ie=UTF8&adId=A0883438F5E84CEN70J1&url=%2FHUAWEI-MateBook-FullView-Display-Diagonale%2Fdp%2FB08XKWZYCX%2Fref%3Dsr_1_65_sspa%3Fdchild%3D1%26keywords%3DMonitor%26qid%3D1617015155%26sr%3D8-65-spons%26psc%3D1&qualifier=1617015155&id=6315545571646641&widgetName=sp_atf_next,4.7,451.0,899.00,monitor
"Z-Edge Tragbarer Monitor USB Typ-C Portable Monitor 15,6 Zoll IPS Bildschirm 1920x1080 Full HD Gaming Monitor mit Mini-HDMI Typ-C Für Laptop PC Mac Smartphone Xbox PS4 Switch usw, inkl. Schutzhülle",https://www.amazon.de/gp/slredirect/picassoRedirect.html/ref=pa_sp_atf_next_aps_sr_pg5_1?ie=UTF8&adId=A00605591PCBVCFX8MJP5&url=%2FZ-Edge-Tragbarer-Bildschirm-Smartphone-Schutzh%25C3%25BClle%2Fdp%2FB08CKSGLHK%2Fref%3Dsr_1_66_sspa%3Fdchild%3D1%26keywords%3DMonitor%26qid%3D1617015155%26smid%3DA31VKF274A20Z0%26sr%3D8-66-spons%26psc%3D1&qualifier=1617015155&id=6315545571646641&widgetName=sp_atf_next,4.4,98.0,"143,99 €",monitor
"Dell SE2219H, 22 Zoll, Full HD 1920x1080, 60 Hz, IPS entspiegelt, 16:9, 5 ms (extrem), neigbar, HDMI, VGA, 3 Jahre Austauschservice,",https://www.amazon.de/Dell-SE2219H-Display-flach-Computerbildschirme/dp/B07HS74H5P/ref=sr_1_67?dchild=1&keywords=Monitor&qid=1617015155&sr=8-67,4.5,4.664,,monitor
"AOC Gaming C24G1 - 24 Zoll FHD Curved Monitor, 144 Hz, 1ms, FreeSync Premium, HDMI, DisplayPort) schwarz",https://www.amazon.de/AOC-C24G1-DisplayPort-Reaktionszeit-1920x1080/dp/B07DTN4BM8/ref=sr_1_68?dchild=1&keywords=Monitor&qid=1617015155&sr=8-68,4.7,9.984,"184,00 €",monitor
"Tragbarer Monitor für Laptop, Monitor Extender für Laptop Bildschirm - Kompatibel mit den Meisten 13""-17"" Mac, Windows und Chrome Laptops HDMI/1080p - Plug and Play (Dreifacher-Bildschirm)",https://www.amazon.de/Tragbarer-Monitor-Laptop-Extender-Bildschirm/dp/B08YKD34ZL/ref=sr_1_69?dchild=1&keywords=Monitor&qid=1617015155&sr=8-69,5.0,2.0,"379,99 €",monitor
"ASUS VG248QG 60,96 cm (24 Zoll) Gaming Monitor (Full HD, G-Sync Compatible, DVI, HDMI, DisplayPort, 0,5ms Reaktionszeit, bis zu 165Hz) schwarz",https://www.amazon.de/ASUS-VG248QG-Compatible-DisplayPort-Reaktionszeit/dp/B07RMQ5PHX/ref=sr_1_70?dchild=1&keywords=Monitor&qid=1617015155&sr=8-70,4.4,291.0,"213,77 €",monitor
"HUAWEI FullHD Monitor 'AD80' mit 60,45 cm (23,8 Zoll) Diagonale, HDMI, VGA, Schwarz + HUAWEI AX3 3000 Mbit/s Dual Band WLAN Router",https://www.amazon.de/gp/slredirect/picassoRedirect.html/ref=pa_sp_mtf_aps_sr_pg5_1?ie=UTF8&adId=A06549932M6TA56G11CV3&url=%2FHUAWEI-FullHD-Monitor-Diagonale-Schwarz%2Fdp%2FB08WSCN3MY%2Fref%3Dsr_1_71_sspa%3Fdchild%3D1%26keywords%3DMonitor%26qid%3D1617015155%26sr%3D8-71-spons%26psc%3D1&qualifier=1617015155&id=6315545571646641&widgetName=sp_mtf,,,159.00,monitor
"Samsung LS24R652FDUXEN 23,6"" Edge LED 1920 x 1080 Monitore, Schwarz",https://www.amazon.de/Samsung-LS24R652FDUXEN-Edge-Monitore-Schwarz/dp/B08237CW9N/ref=sr_1_72?dchild=1&keywords=Monitor&qid=1617015155&sr=8-72,4.0,35.0,"171,53 €",monitor
"MEDION P53292 80 cm (31,5 Zoll) Full HD Curved Monitor (16:9, integrierte Lautsprecher, HDMI, DisplayPort, 165Hz, 1 ms Reaktionszeit, mehrsprachiges Menü)",https://www.amazon.de/MEDION-P53292-Zoll-Curved-Monitor/dp/B08WC5L5K3/ref=sr_1_73?dchild=1&keywords=Monitor&qid=1617015155&sr=8-73,5.0,1.0,"299,99 €",monitor
"4K Touchscreen Portable Monitor, UPERFECT 14 Zoll Tragbarer USB C Gaming Monitor 3840 x 2160 UHD Mobile Display mit Schwerkraftsensor Auto-Rotation Rahmenlos Bildschirm",https://www.amazon.de/Touchscreen-UPERFECT-Schwerkraftsensor-Auto-Rotation-Bildschirm/dp/B08P385QS2/ref=sr_1_74?dchild=1&keywords=Monitor&qid=1617015155&sr=8-74,4.4,309.0,"399,99 €",monitor
"Samsung S27F354F 68,58cm (27 Zoll) Monitor (HDMI,D-Sub, 4 ms (G/G), 1920 x 1080) AMD Freesync, PLS Panel, schwarz",https://www.amazon.de/Samsung-S27F354F-Monitor-Freesync-schwarz/dp/B07Y8WRBJ2/ref=sr_1_75?dchild=1&keywords=Monitor&qid=1617015155&sr=8-75,4.6,7.352,,monitor
"V7 PS27.0W9A2- 2E 27"" Blickschutzfilter (16:9, 58,19 x 36,34 cm / 22,91 x 14,31 Zoll, matt/glossy, Reinigungstuch, Befestigungslaschen)",https://www.amazon.de/gp/slredirect/picassoRedirect.html/ref=pa_sp_mtf_aps_sr_pg5_1?ie=UTF8&adId=A01714543DZJEYQAD3YQK&url=%2FV7-PS27-0W9A2-Blickschutzfilter-Reinigungstuch-Befestigungslaschen%2Fdp%2FB078YDG157%2Fref%3Dsr_1_76_sspa%3Fdchild%3D1%26keywords%3DMonitor%26qid%3D1617015155%26sr%3D8-76-spons%26psc%3D1&qualifier=1617015155&id=6315545571646641&widgetName=sp_mtf,3.9,129.0,"78,99 €",monitor
"EVICIV 7"" Touchscreen-Monitor für Raspberry Pi - 1024X600 HD-Spielemonitor mit integrierten Dual-Lautsprechern für Raspberry Pi 4 3 2 Zero B + Modell B Xbox PS4 iOS Windows 7/8/10",https://www.amazon.de/Touch-Screen-Display-Modul-Monitor-eingebauter-Lautsprecher-Raspberry/dp/B07L6WT77H/ref=sr_1_77?dchild=1&keywords=Monitor&qid=1617015155&sr=8-77,4.4,870.0,"79,99 €",monitor
geeekpi 5 Inch Capacitive Touch Screen 800 X 480 HDMI Monitor TFT LCD Display for Raspberry Pi 3/2 Model B/B +/Pi Zero & BeagleBone Black & PC,https://www.amazon.de/geeekpi-Capacitive-Monitor-Raspberry-BeagleBone/dp/B0749K932T/ref=sr_1_78?dchild=1&keywords=Monitor&qid=1617015155&sr=8-78,3.9,23.0,"45,99 €",monitor
"ASUS TUF Gaming VG27AQ1A 68,47cm (27 Zoll) HDR Monitor (WQHD, IPS, 170Hz, G-Sync compatible, HDR10, HDMI, DisplayPort, 1ms Reaktionszeit) schwarz",https://www.amazon.de/ASUS-VG27AQ1A-compatible-DisplayPort-Reaktionszeit/dp/B08J4D98JB/ref=sr_1_79?dchild=1&keywords=Monitor&qid=1617015155&sr=8-79,4.3,77.0,"373,00 €",monitor
"7-Zoll-Touchscreen-Monitor-Display mit Propellerständer, HD 1024x600 Treiberfrei Plug & Play Capacitive Touch 7 Zoll Bildschirm für Raspberry Pi 4, Computer, TV-Box, DVR, Spielgerät",https://www.amazon.de/7-Zoll-Touchscreen-Monitor-Display-Propellerst%C3%A4nder-Treiberfrei-Capacitive-Bildschirm/dp/B087GFY4KL/ref=sr_1_80?dchild=1&keywords=Monitor&qid=1617015155&sr=8-80,4.3,165.0,"64,99 €",monitor
"Mobile Pixels Trio Tragbarer Monitor für Laptops, 31,8 cm (12,5 Zoll), Full HD IPS-Bildschirm, USB C/USB A Dual oder Triple Displays, Windows/OS/Android/Nintendo Switch",https://www.amazon.de/gp/slredirect/picassoRedirect.html/ref=pa_sp_mtf_aps_sr_pg5_1?ie=UTF8&adId=A02130472KR74X539FOID&url=%2FTragbarer-Monitor-IPS-Bildschirm-Displays-Nintendo%2Fdp%2FB08C4LQ857%2Fref%3Dsr_1_81_sspa%3Fdchild%3D1%26keywords%3DMonitor%26qid%3D1617015155%26sr%3D8-81-spons%26psc%3D1%26smid%3DA11BPZIRZ15GB0&qualifier=1617015155&id=6315545571646641&widgetName=sp_mtf,4.1,678.0,"279,99 €",monitor
"Dell 27 Curved Gaming Monitor – S2721HGF 1920 x 1080 at 144 Hz,1ms (MPRT),HDMI 1.4 x 2 DP1.2 x 1 Headphone Out",https://www.amazon.de/Dell-S2721HGF-Gaming-PC-Bildschirm-gebogen-FreeSync/dp/B08FRJBSHQ/ref=sr_1_82?dchild=1&keywords=Monitor&qid=1617015155&sr=8-82,4.6,189.0,"229,99 €",monitor
espresso Displays Portable Monitor (Display 15),https://www.amazon.de/espresso-Displays-Superd%C3%BCnner-tragbarer-Touchscreen-Monitor/dp/B087B1M9L6/ref=sr_1_83?dchild=1&keywords=Monitor&qid=1617015155&sr=8-83,3.7,7.0,"299,00 €",monitor
"Dell P2719H, 27 Zoll, Full HD 1920x1080, 60 Hz, IPS entspiegelt, 16:9, 5 ms (extrem), höhenverstellbar/neigbar/drehbar, VESA, DisplayPort, HDMI, VGA, 3 Jahre Austauschservice, schwarz/silber",https://www.amazon.de/Dell-P2719H-Monitor/dp/B07FKH79XM/ref=sr_1_84?dchild=1&keywords=Monitor&qid=1617015155&sr=8-84,4.7,1.168,"209,00 €",monitor
"19 Zoll PC Monitor, Prechen Monitor 1440 * 900 mit HDMI- und VGA-Schnittstellen, 60 Hz, Helligkeit 250 cd/m², 5 ms Reaktionszeit, Eingebaute Lautsprecher PC Bildschirm, Schwarz",https://www.amazon.de/Prechen-Reaktionszeit-Lautsprecher-VGA-Schnittstellen-Gaming-Bildschirm/dp/B0822G21YZ/ref=sr_1_85?dchild=1&keywords=Monitor&qid=1617015155&sr=8-85,3.8,180.0,"89,99 €",monitor
"HUANUO Monitor Halterung mit Laptop Arm, Volleinstellbar für 13 bis 27 Zoll LCD LED Bildschirm & max. 15.6 Zoll Notebook, 2 Montageoptionen",https://www.amazon.de/gp/slredirect/picassoRedirect.html/ref=pa_sp_btf_aps_sr_pg5_1?ie=UTF8&adId=A0462542UCX41GOS5YK3&url=%2FHUANUO-Halterung-Volleinstellbar-Bildschirm-Montageoptionen-Schwarz%2Fdp%2FB07DWM9WNM%2Fref%3Dsr_1_86_sspa%3Fdchild%3D1%26keywords%3DMonitor%26qid%3D1617015155%26sr%3D8-86-spons%26psc%3D1%26smid%3DA2F7OKQRG33SQI&qualifier=1617015155&id=6315545571646641&widgetName=sp_btf,4.7,3.663,"54,99 €",monitor
"HUANUO Monitor Halterung mit Laptop Arm, Volleinstellbar für 13 bis 27 Zoll LCD LED Bildschirm & max. 15.6 Zoll Notebook, 2 Montageoptionen",https://www.amazon.de/gp/slredirect/picassoRedirect.html/ref=pa_sp_atf_next_aps_sr_pg6_1?ie=UTF8&adId=A0462542UCX41GOS5YK3&url=%2FHUANUO-Halterung-Volleinstellbar-Bildschirm-Montageoptionen-Schwarz%2Fdp%2FB07DWM9WNM%2Fref%3Dsr_1_81_sspa%3Fdchild%3D1%26keywords%3DMonitor%26qid%3D1617015156%26sr%3D8-81-spons%26psc%3D1%26smid%3DA2F7OKQRG33SQI&qualifier=1617015156&id=4808031793543837&widgetName=sp_atf_next,4.7,3.663,"54,99 €",monitor
"V7 PS27.0W9A2- 2E 27"" Blickschutzfilter (16:9, 58,19 x 36,34 cm / 22,91 x 14,31 Zoll, matt/glossy, Reinigungstuch, Befestigungslaschen)",https://www.amazon.de/gp/slredirect/picassoRedirect.html/ref=pa_sp_atf_next_aps_sr_pg6_1?ie=UTF8&adId=A04405022E9KS6KODIUF&url=%2FV7-PS27-0W9A2-Blickschutzfilter-Reinigungstuch-Befestigungslaschen%2Fdp%2FB078YDG157%2Fref%3Dsr_1_82_sspa%3Fdchild%3D1%26keywords%3DMonitor%26qid%3D1617015156%26sr%3D8-82-spons%26psc%3D1&qualifier=1617015156&id=4808031793543837&widgetName=sp_atf_next,3.9,129.0,"78,99 €",monitor
"LG 32UN880-B 80,01 cm (31,5 Zoll) UltraFine Ergo 4K IPS Monitor (ergonomischer Standfuß, HDR10, Gaming Features, AMD Radeon FreeSync), schwarz",https://www.amazon.de/LG-Electronics-Ultrafine-ergonomischer-32UN880-B-AEU/dp/B08FBH1V9R/ref=sr_1_83?dchild=1&keywords=Monitor&qid=1617015156&sr=8-83,4.1,69.0,"775,98 €",monitor
"ASUS TUF Gaming VG249Q 69,5 cm (23,8 Zoll) Monitor (Full HD, 144Hz, 1ms Reaktionszeit, FreeSync, HDMI, DisplayPort) schwarz",https://www.amazon.de/ASUS-VG249Q-Reaktionszeit-FreeSync-DisplayPort/dp/B082NRKT4K/ref=sr_1_84?dchild=1&keywords=Monitor&qid=1617015156&sr=8-84,4.5,353.0,"204,00 €",monitor
"Tragbarer Raspberry Pi Monitor mit Touch Screen, ELECROW 7-Zoll HDMI Touchscreen Display mit Zwei Integrierten Lautsprechern und Einstellbarer Hintergrundbeleuchtung, für Raspberry Pi 4B 3B + /PC",https://www.amazon.de/ELECROW-Integrierten-Lautsprechern-Einstellbarer-Hintergrundbeleuchtung/dp/B081YV5YH6/ref=sr_1_85?dchild=1&keywords=Monitor&qid=1617015156&sr=8-85,3.9,36.0,"81,99 €",monitor
"Viewsonic ColorPro VP2768-4K 68,6 cm (27 Zoll) Fotografen Monitor mit Kalibrierfunktion (4K, IPS mit Delta E<2, 100% sRGB, USB 3.0, HDMI 2.0, DP, Höhenverstellbar, 5 Jahre Austauschservice) Schwarz",https://www.amazon.de/Viewsonic-VP2768-4K-Fotografen-Monitor-Kalibrierfunktion/dp/B07FDMGBQ1/ref=sr_1_86?dchild=1&keywords=Monitor&qid=1617015156&sr=8-86,4.6,1.043,"615,00 €",monitor
"HUAWEI FullHD Monitor 'AD80' mit 60,45 cm (23,8 Zoll) Diagonale, HDMI, VGA, Schwarz + HUAWEI AX3 3000 Mbit/s Dual Band WLAN Router",https://www.amazon.de/gp/slredirect/picassoRedirect.html/ref=pa_sp_mtf_aps_sr_pg6_1?ie=UTF8&adId=A06549932M6TA56G11CV3&url=%2FHUAWEI-FullHD-Monitor-Diagonale-Schwarz%2Fdp%2FB08WSCN3MY%2Fref%3Dsr_1_87_sspa%3Fdchild%3D1%26keywords%3DMonitor%26qid%3D1617015156%26sr%3D8-87-spons%26psc%3D1&qualifier=1617015156&id=4808031793543837&widgetName=sp_mtf,,,159.00,monitor
"Acer KG241Q 23.6Zoll Full HD TN+Film Schwarz Computerbildschirm - Computerbildschirme (59,9 cm (23.6 Zoll), 300 cd/m², 1920 x 1080 Pixel, 1 ms, LED, Full HD)",https://www.amazon.de/Acer-KG241Q-23-6Zoll-Schwarz-Computerbildschirm/dp/B071W5THV4/ref=sr_1_88?dchild=1&keywords=Monitor&qid=1617015156&sr=8-88,4.5,890.0,"125,23 €",monitor
"LC-Power LC-M27-FHD-165-C Gaming Monitor 27"" curved Full HD Display 16:9, 4ms,VA, 2*HDMI, DP, 165Hz schwarz",https://www.amazon.de/LC-Power-LC-M27-FHD-165-C-Gaming-Monitor-Display/dp/B08G1Z6TKX/ref=sr_1_89?dchild=1&keywords=Monitor&qid=1617015156&sr=8-89,4.5,835.0,"209,00 €",monitor
"Raspberry Pi Display, Elecrow 10,1 Zoll Portable Monitor 1920X1080p Auflösung HDMI VGA Monitor IPS Gaming Bildschirm Kompatibel mit Raspberry Pi 4 / 3B + / 3B, Game Consoles, Windows 7/8/10",https://www.amazon.de/Raspberry-1920X1080p-Aufl%C3%B6sung-Bildschirm-Kompatibel/dp/B085ZBP7YD/ref=sr_1_90?dchild=1&keywords=Monitor&qid=1617015156&sr=8-90,4.7,8.0,"129,99 €",monitor
"WIMAXIT 15,6 Zoll Tragbarer Monitor, USB-C Gaming Monitor Typ-C mit Mini-HDMI und Lautsprecher, Full HD 1920 x 1080, 16: 9-HDR-Monitor, Laptop-PC, Mac-Telefon, Xbox PS4, einschließlich Smart Cover",https://www.amazon.de/WIMAXIT-Tragbarer-Monitor-Mini-HDMI-Lautsprecher/dp/B083DJSYWS/ref=sr_1_91?dchild=1&keywords=Monitor&qid=1617015156&sr=8-91,4.2,251.0,"179,99 €",monitor
"Philips 242E1GAEZ - 24 Zoll FHD Gaming Monitor, 144 Hz, 1ms, FreeSync Premium (1920x1080, HDMI, DisplayPort) schwarz",https://www.amazon.de/gp/slredirect/picassoRedirect.html/ref=pa_sp_mtf_aps_sr_pg6_1?ie=UTF8&adId=A01983761L54K32A6Q5F7&url=%2FPhilips-242E1GAEZ-FreeSync-1920x1080-DisplayPort%2Fdp%2FB08KW8182D%2Fref%3Dsr_1_92_sspa%3Fdchild%3D1%26keywords%3DMonitor%26qid%3D1617015156%26sr%3D8-92-spons%26psc%3D1&qualifier=1617015156&id=4808031793543837&widgetName=sp_mtf,4.1,331.0,"179,00 €",monitor
Lenovo D27-20 27inch Hdmi Monitor,https://www.amazon.de/Lenovo-D27-20-27inch-Hdmi-Monitor/dp/B07XWMN69B/ref=sr_1_93?dchild=1&keywords=Monitor&qid=1617015156&sr=8-93,3.9,10.0,"154,24 €",monitor
"ASUS VG248QE 61 cm (24 Zoll) Gaming Monitor (Full HD, DVI, HDMI, DisplayPort, 1ms Reaktionszeit) schwarz",https://www.amazon.de/VG248QE-Monitor-DisplayPort-Reaktionszeit-schwarz/dp/B00B19T7QC/ref=sr_1_94?dchild=1&keywords=Monitor&qid=1617015156&sr=8-94,4.5,3.04,"166,00 €",monitor
"Philips 242V8LA - 24 Zoll FHD Monitor, AdaptiveSync (1920x1080, 75 Hz, VGA, HDMI, DisplayPort) schwarz",https://www.amazon.de/Philips-242V8LA-AdaptiveSync-1920x1080-DisplayPort/dp/B08MQN73LW/ref=sr_1_95?dchild=1&keywords=Monitor&qid=1617015156&sr=8-95,4.0,8.0,"144,18 €",monitor
"BenQ BL2581T 63,50 cm (25 Zoll) Monitor (WUXGA, Slim Bezel, IPS-Panel, höhenverstellbar) schwarz",https://www.amazon.de/BenQ-BL2581T-Monitor-25Zoll-1920x1200/dp/B07NXDGQTR/ref=sr_1_96?dchild=1&keywords=Monitor&qid=1617015156&sr=8-96,4.7,579.0,"203,90 €",monitor
"19 Zoll PC Monitor, Prechen Monitor 1440 * 900 mit HDMI- und VGA-Schnittstellen, 60 Hz, Helligkeit 250 cd/m², 5 ms Reaktionszeit, Eingebaute Lautsprecher PC Bildschirm, Schwarz",https://www.amazon.de/gp/slredirect/picassoRedirect.html/ref=pa_sp_mtf_aps_sr_pg6_1?ie=UTF8&adId=A080316418WPFI1U6F8DR&url=%2FPrechen-Reaktionszeit-Lautsprecher-VGA-Schnittstellen-Gaming-Bildschirm%2Fdp%2FB0822G21YZ%2Fref%3Dsr_1_97_sspa%3Fdchild%3D1%26keywords%3DMonitor%26qid%3D1617015156%26sr%3D8-97-spons%26psc%3D1&qualifier=1617015156&id=4808031793543837&widgetName=sp_mtf,3.8,180.0,"89,99 €",monitor
HKC MR17S 17 inch HD-Ready Monitor EU-UK,https://www.amazon.de/Monitor-Zoll-1600x900p-HDMI-UK/dp/B0847TLTS4/ref=sr_1_98?dchild=1&keywords=Monitor&qid=1617015156&sr=8-98,4.3,1.127,"99,99 €",monitor
"Dell Alienware 25 Monitor - AW2521HFA - 63.5cm(25"") Black",https://www.amazon.de/Dell-Alienware-25-Monitor-AW2521HFA/dp/B08NFCG6TX/ref=sr_1_99?dchild=1&keywords=Monitor&qid=1617015156&sr=8-99,4.3,30.0,"379,99 €",monitor
"Lexibook x Mobile Pixels - Trio Max 14"" Tragbarer Bildschirm für Laptops - Full HD IPS 1080P USB A & C - PC- und Mac-kompatibel - Dual-Monitor-Display mit Rotationsarbeit von zu Hause aus - TRIOMAX",https://www.amazon.de/Lexibook-Mobile-Pixels-Dual-Monitor-Display-Rotationsarbeit/dp/B0892BT8TW/ref=sr_1_100?dchild=1&keywords=Monitor&qid=1617015156&sr=8-100,2.6,22.0,"349,99 €",monitor
"Acer ED0 Serie (ED320QRP) 80cm (31,5 Zoll) VA Curved 1800R ZeroFrame Monitor (2xHDMI, DP, FHD 1920x1080, 5ms, 165Hz, 300 Nits, AMD FreeSync)",https://www.amazon.de/Acer-ED320QRPbiipx-ZeroFrame-FreeSync-EcoDisplay/dp/B084BJL48K/ref=sr_1_101?dchild=1&keywords=Monitor&qid=1617015156&sr=8-101,4.5,314.0,"266,96 €",monitor
"CHUWI CoreBox Windows 10 Mini PC, Intel Core i5 Mini Desktop PC, 8GB DDR3 256GB SSD, erweiterbar 2TB 2,5 Zoll HDD, 2,4 GHz / 5 GHz Dual WiFi/Gigabit Ethernet / 4K Decodierung /BT4.2",https://www.amazon.de/gp/slredirect/picassoRedirect.html/ref=pa_sp_btf_aps_sr_pg6_1?ie=UTF8&adId=A02051832YEHN0BKJIZVW&url=%2FCHUWI-i5-5257U-Prozesser-Computer-Graphics%2Fdp%2FB08BYFN5BC%2Fref%3Dsr_1_102_sspa%3Fdchild%3D1%26keywords%3DMonitor%26qid%3D1617015156%26sr%3D8-102-spons%26psc%3D1&qualifier=1617015156&id=4808031793543837&widgetName=sp_btf,4.2,408.0,"299,00 €",monitor
"Z-Edge Tragbarer Monitor USB Typ-C Portable Monitor 15,6 Zoll IPS Bildschirm 1920x1080 Full HD Gaming Monitor mit Mini-HDMI Typ-C Für Laptop PC Mac Smartphone Xbox PS4 Switch usw, inkl. Schutzhülle",https://www.amazon.de/gp/slredirect/picassoRedirect.html/ref=pa_sp_atf_next_aps_sr_pg7_1?ie=UTF8&adId=A00605591PCBVCFX8MJP5&url=%2FZ-Edge-Tragbarer-Bildschirm-Smartphone-Schutzh%25C3%25BClle%2Fdp%2FB08CKSGLHK%2Fref%3Dsr_1_97_sspa%3Fdchild%3D1%26keywords%3DMonitor%26qid%3D1617015157%26smid%3DA31VKF274A20Z0%26sr%3D8-97-spons%26psc%3D1&qualifier=1617015158&id=5456086665755204&widgetName=sp_atf_next,4.4,98.0,"143,99 €",monitor
"V7 PS27.0W9A2- 2E 27"" Blickschutzfilter (16:9, 58,19 x 36,34 cm / 22,91 x 14,31 Zoll, matt/glossy, Reinigungstuch, Befestigungslaschen)",https://www.amazon.de/gp/slredirect/picassoRedirect.html/ref=pa_sp_atf_next_aps_sr_pg7_1?ie=UTF8&adId=A01714543DZJEYQAD3YQK&url=%2FV7-PS27-0W9A2-Blickschutzfilter-Reinigungstuch-Befestigungslaschen%2Fdp%2FB078YDG157%2Fref%3Dsr_1_98_sspa%3Fdchild%3D1%26keywords%3DMonitor%26qid%3D1617015157%26sr%3D8-98-spons%26psc%3D1&qualifier=1617015158&id=5456086665755204&widgetName=sp_atf_next,3.9,129.0,"78,99 €",monitor
"Acer ED0 Serie (ED320QRP) 80cm (31,5 Zoll) VA Curved 1800R ZeroFrame Monitor (2xHDMI, DP, FHD 1920x1080, 5ms, 165Hz, 300 Nits, AMD FreeSync)",https://www.amazon.de/Acer-ED320QRPbiipx-ZeroFrame-FreeSync-EcoDisplay/dp/B084BJL48K/ref=sr_1_99?dchild=1&keywords=Monitor&qid=1617015157&sr=8-99,4.5,314.0,"266,96 €",monitor
"Samsung U28E590D Monitor (HDMI, 28 Zoll, 71,12cm, 1ms Reaktionszeit, 60Hz Aktualisierungsrate, 3840 x 2160 Pixel) schwarz/silber",https://www.amazon.de/Samsung-U28E590D-Monitor-Reaktionszeit-Aktualisierungsrate/dp/B00WUACE4S/ref=sr_1_100?dchild=1&keywords=Monitor&qid=1617015157&sr=8-100,4.5,6.371,"268,08 €",monitor
"BenQ ZOWIE XL2540K 24,5 Zoll 240 Hz Gaming-Monitor, kleinerer Standfuß, flexible Höhenverstellung, XL Setting to Share, S-Switch, Shield",https://www.amazon.de/BenQ-XL2540K-Gaming-Monitor-kleinerer-H%C3%B6henverstellung/dp/B08M671TZX/ref=sr_1_101?dchild=1&keywords=Monitor&qid=1617015157&sr=8-101,4.7,6.255,"330,58 €",monitor
"Portable Monitor - 15,8 Zoll Tragbarer Monitor IPS Bildschirm 1920×1080 Full HD mit USB-C/Typ-C/Mini-HDMI für Laptop, PC, MacBook Pro, Xbox, PS4, phone mit Typ-C Vollfunktion, mit Schutzhülle",https://www.amazon.de/Portable-Monitor-Bildschirm-Vollfunktion-Schutzh%C3%BClle/dp/B08KFY3XMD/ref=sr_1_102?dchild=1&keywords=Monitor&qid=1617015157&sr=8-102,4.6,1.826,"199,98 €",monitor
"HUAWEI FullHD Monitor 'AD80' mit 60,45 cm (23,8 Zoll) Diagonale, HDMI, VGA, Schwarz + HUAWEI AX3 3000 Mbit/s Dual Band WLAN Router",https://www.amazon.de/gp/slredirect/picassoRedirect.html/ref=pa_sp_mtf_aps_sr_pg7_1?ie=UTF8&adId=A06549932M6TA56G11CV3&url=%2FHUAWEI-FullHD-Monitor-Diagonale-Schwarz%2Fdp%2FB08WSCN3MY%2Fref%3Dsr_1_103_sspa%3Fdchild%3D1%26keywords%3DMonitor%26qid%3D1617015157%26sr%3D8-103-spons%26psc%3D1&qualifier=1617015158&id=5456086665755204&widgetName=sp_mtf,,,159.00,monitor
"AOC 24B1H - 24 Zoll FHD Monitor (1920x1080, 60 Hz, VGA, HDMI) schwarz",https://www.amazon.de/AOC-24B1H-Zoll-Monitor-schwarz/dp/B07C4B1ZXC/ref=sr_1_104?dchild=1&keywords=Monitor&qid=1617015157&sr=8-104,4.6,982.0,"113,17 €",monitor
"Samsung C24RG54FQU 59,8 cm (24 Zoll) Curved Gaming Monitor (FullHD)",https://www.amazon.de/Samsung-C24RG54FQU-Curved-Gaming-Monitor/dp/B07PZF21DQ/ref=sr_1_105?dchild=1&keywords=Monitor&qid=1617015157&sr=8-105,4.7,194.0,"181,33 €",monitor
"Mobile Pixels Trio Max Tragbarer Monitor, 35,6 cm (14 Zoll), Full HD, IPS, Dual- oder Dreifach-Monitore für Laptops",https://www.amazon.de/Mobile-Tragbarer-Monitor-Dreifach-Monitore-Laptops/dp/B08C4BXY41/ref=sr_1_106?dchild=1&keywords=Monitor&qid=1617015157&sr=8-106,4.1,678.0,"299,99 €",monitor
"Philips 273V7QDAB - 27 Zoll FHD Monitor (1920x1080, 75 Hz, VGA, DVI, HDMI) schwarz",https://www.amazon.de/Philips-273V7QDAB-Monitor-Reaktionszeit-schwarz/dp/B06ZZV3QHL/ref=sr_1_107?dchild=1&keywords=Monitor&qid=1617015157&sr=8-107,4.6,4.277,"145,99 €",monitor
"HUAWEI MateBook D16 Laptop, 16,1 Zoll FullView 1080p FullHD Display, 512GB PCIe SSD+16GB RAM + Eye Comfort FullHD Monitor 'AD80' mit 60,45 cm (23,8 Zoll) Diagonale",https://www.amazon.de/gp/slredirect/picassoRedirect.html/ref=pa_sp_mtf_aps_sr_pg7_1?ie=UTF8&adId=A0883438F5E84CEN70J1&url=%2FHUAWEI-MateBook-FullView-Display-Diagonale%2Fdp%2FB08XKWZYCX%2Fref%3Dsr_1_108_sspa%3Fdchild%3D1%26keywords%3DMonitor%26qid%3D1617015157%26sr%3D8-108-spons%26psc%3D1&qualifier=1617015158&id=5456086665755204&widgetName=sp_mtf,4.7,451.0,899.00,monitor
"ASUS ProArt PA248QV 61,21 cm (24,1 Zoll) Professional Monitor (für Bildbearbeitung, WUXGA, 100% sRGB, 75Hz, HDMI, DisplayPort, USB 3.0, ergonomisch)",https://www.amazon.de/ASUS-PA248QV-Professional-Bildbearbeitung-DisplayPort/dp/B0886QYWRG/ref=sr_1_109?dchild=1&keywords=Monitor&qid=1617015157&sr=8-109,4.6,356.0,"232,00 €",monitor
"Iiyama G2770HSU-B1-27, IPS, 1920x1080/165Hz Gaming Monitor, 1H1DP, Black",https://www.amazon.de/Iiyama-G2770HSU-B1-27-1920x1080-Gaming-Monitor/dp/B08ND564NM/ref=sr_1_110?dchild=1&keywords=Monitor&qid=1617015157&sr=8-110,4.5,27.0,"219,00 €",monitor
"ASUS 54,6cm 21,5inch VS228NE LED 1920x1080 0,672916666666667 200cd/m 5ms 16,7Mio. schwarz Projekt AMA (P)",https://www.amazon.de/ASUS-VS228NE-1920x1080-672916666666667-schwarz/dp/B07D2JVWSN/ref=sr_1_111?dchild=1&keywords=Monitor&qid=1617015157&sr=8-111,4.0,17.0,"119,95 €",monitor
"ASUS VP28UQGL 71,1 cm (28 Zoll) Monitor (HDMI, FreeSync, DisplayPort, 1ms Reaktionszeit, 4K UHD) schwarz",https://www.amazon.de/ASUS-VP28UQGL-FreeSync-DisplayPort-Reaktionszeit/dp/B07TZSSYWL/ref=sr_1_112?dchild=1&keywords=Monitor&qid=1617015157&sr=8-112,4.6,2.448,"306,83 €",monitor
"Mobile Pixels Trio Tragbarer Monitor für Laptops, 31,8 cm (12,5 Zoll), Full HD IPS-Bildschirm, USB C/USB A Dual oder Triple Displays, Windows/OS/Android/Nintendo Switch",https://www.amazon.de/gp/slredirect/picassoRedirect.html/ref=pa_sp_mtf_aps_sr_pg7_1?ie=UTF8&adId=A02130472KR74X539FOID&url=%2FTragbarer-Monitor-IPS-Bildschirm-Displays-Nintendo%2Fdp%2FB08C4LQ857%2Fref%3Dsr_1_113_sspa%3Fdchild%3D1%26keywords%3DMonitor%26qid%3D1617015157%26sr%3D8-113-spons%26psc%3D1%26smid%3DA11BPZIRZ15GB0&qualifier=1617015158&id=5456086665755204&widgetName=sp_mtf,4.1,678.0,"279,99 €",monitor
"ASUS TUF Gaming VG24VQ 60 cm (23,6 Zoll) Curved Monitor (Full HD, 144Hz, 1ms Reaktionszeit, FreeSync, Shadow Boost, HDMI, DisplayPort)",https://www.amazon.de/ASUS-VG24VQ-Reaktionszeit-FreeSync-DisplayPort/dp/B083S8N6VZ/ref=sr_1_114?dchild=1&keywords=Monitor&qid=1617015157&sr=8-114,4.7,349.0,"214,12 €",monitor
"Lenovo Legion Y25-25 62,23 cm (24,5 Zoll, 1920x1080, Full HD, 240Hz, WideView, entspiegelt) Monitor (HDMI, DisplayPort, 1ms Reaktionszeit, AMD Radeon FreeSync) schwarz",https://www.amazon.de/Lenovo-1920x1080-entspiegelt-DisplayPort-Reaktionszeit/dp/B089G42JJ8/ref=sr_1_115?dchild=1&keywords=Monitor&qid=1617015157&sr=8-115,4.3,177.0,"269,00 €",monitor
"Acer Nitro VG252QXbmiipx G-SYNC kompatibel, 24,5 Zoll IPS Full HD Display, 240 Hz, 1 ms, 16:9, HDMI 2.0, DP 1.2a, Lum 400cd/m2, ZeroFrame, integrierte Lautsprecher, HDMI-Kabel, DP inkl.",https://www.amazon.de/Acer-VG252QXbmiipx-Compatible-Display-1920x1080/dp/B085813QG4/ref=sr_1_116?dchild=1&keywords=Monitor&qid=1617015157&sr=8-116,4.5,43.0,"362,59 €",monitor
"Thinlerain 24 Zoll Gaming Monitor 144HZ 1920 x 1080P HDMI/DisplayPort / 144 Hz und 165 Hz / 2 ms/VESA/USB, schwarz",https://www.amazon.de/Thinlerain-Gaming-Monitor-DisplayPort-schwarz/dp/B08QMF217V/ref=sr_1_117?dchild=1&keywords=Monitor&qid=1617015157&sr=8-117,4.2,33.0,"179,99 €",monitor
"HUANUO Monitor Halterung mit Laptop Arm, Volleinstellbar für 13 bis 27 Zoll LCD LED Bildschirm & max. 15.6 Zoll Notebook, 2 Montageoptionen",https://www.amazon.de/gp/slredirect/picassoRedirect.html/ref=pa_sp_btf_aps_sr_pg7_1?ie=UTF8&adId=A0462542UCX41GOS5YK3&url=%2FHUANUO-Halterung-Volleinstellbar-Bildschirm-Montageoptionen-Schwarz%2Fdp%2FB07DWM9WNM%2Fref%3Dsr_1_118_sspa%3Fdchild%3D1%26keywords%3DMonitor%26qid%3D1617015157%26sr%3D8-118-spons%26psc%3D1%26smid%3DA2F7OKQRG33SQI&qualifier=1617015158&id=5456086665755204&widgetName=sp_btf,4.7,3.663,"54,99 €",monitor
"HUANUO Monitor Halterung mit Laptop Arm, Volleinstellbar für 13 bis 27 Zoll LCD LED Bildschirm & max. 15.6 Zoll Notebook, 2 Montageoptionen",https://www.amazon.de/gp/slredirect/picassoRedirect.html/ref=pa_sp_atf_next_aps_sr_pg8_1?ie=UTF8&adId=A0462542UCX41GOS5YK3&url=%2FHUANUO-Halterung-Volleinstellbar-Bildschirm-Montageoptionen-Schwarz%2Fdp%2FB07DWM9WNM%2Fref%3Dsr_1_113_sspa%3Fdchild%3D1%26keywords%3DMonitor%26qid%3D1617015159%26sr%3D8-113-spons%26psc%3D1%26smid%3DA2F7OKQRG33SQI&qualifier=1617015159&id=4434863003459745&widgetName=sp_atf_next,4.7,3.663,"54,99 €",monitor
"V7 PS27.0W9A2- 2E 27"" Blickschutzfilter (16:9, 58,19 x 36,34 cm / 22,91 x 14,31 Zoll, matt/glossy, Reinigungstuch, Befestigungslaschen)",https://www.amazon.de/gp/slredirect/picassoRedirect.html/ref=pa_sp_atf_next_aps_sr_pg8_1?ie=UTF8&adId=A04405022E9KS6KODIUF&url=%2FV7-PS27-0W9A2-Blickschutzfilter-Reinigungstuch-Befestigungslaschen%2Fdp%2FB078YDG157%2Fref%3Dsr_1_114_sspa%3Fdchild%3D1%26keywords%3DMonitor%26qid%3D1617015159%26sr%3D8-114-spons%26psc%3D1&qualifier=1617015159&id=4434863003459745&widgetName=sp_atf_next,3.9,129.0,"78,99 €",monitor
"17,3 Zoll Portable Monitor, UPERFECT 144Hz Tragbarer Bildschirm USB C Gaming Monitor 1920 * 1080 Full HD IPS Mobile Display mit Typ-C OTG Mini DP HDMI für PC Handy PS3 PS4 Xbox Raspberry Pi",https://www.amazon.de/Portable-UPERFECT-Tragbarer-Bildschirm-Raspberry/dp/B089PXL838/ref=sr_1_115?dchild=1&keywords=Monitor&qid=1617015159&sr=8-115,4.3,239.0,"369,99 €",monitor
"Raspberry Pi Display, ELECROW 10,1-Zoll Touchscreen Monitor mit Fernbedienung und integrierten Dual-Lautsprechern, 1280 x 800 PC Bildschirm mit HDMI/VGA/AV/BNC-Anschlüssen für Raspberry Pi, PC",https://www.amazon.de/ELECROW-Fernbedienung-integrierten-Dual-Lautsprechern-BNC-Anschl%C3%BCssen/dp/B08XYYHVX9/ref=sr_1_116?dchild=1&keywords=Monitor&qid=1617015159&sr=8-116,,,"141,99 €",monitor
"Samsung C27F396F 68,6 cm (27 Zoll) Monitor (VGA, HDMI, 4ms Reaktionszeit, 1920 x 1080 Pixel), schwarz",https://www.amazon.de/Samsung-LC27F396FHUXEN-Monitor-Reaktionszeit-schwarz/dp/B01BCF09R0/ref=sr_1_117?dchild=1&keywords=Monitor&qid=1617015159&sr=8-117,4.7,11.47,"178,90 €",monitor
Samsung QM43R Monitore schwarz,https://www.amazon.de/SAMSUNG-QM43R-LED-Display-Retail-LH43QMREBGCXEN/dp/B07QN1KHPW/ref=sr_1_118?dchild=1&keywords=Monitor&qid=1617015159&sr=8-118,5.0,2.0,"729,00 €",monitor
"HUAWEI FullHD Monitor 'AD80' mit 60,45 cm (23,8 Zoll) Diagonale, HDMI, VGA, Schwarz + HUAWEI AX3 3000 Mbit/s Dual Band WLAN Router",https://www.amazon.de/gp/slredirect/picassoRedirect.html/ref=pa_sp_mtf_aps_sr_pg8_1?ie=UTF8&adId=A06549932M6TA56G11CV3&url=%2FHUAWEI-FullHD-Monitor-Diagonale-Schwarz%2Fdp%2FB08WSCN3MY%2Fref%3Dsr_1_119_sspa%3Fdchild%3D1%26keywords%3DMonitor%26qid%3D1617015159%26sr%3D8-119-spons%26psc%3D1&qualifier=1617015159&id=4434863003459745&widgetName=sp_mtf,,,159.00,monitor
"Viewsonic VX2458-MHD 60 cm (24 Zoll) Gaming Monitor (Full-HD, 1 ms, 144 Hz, FreeSync, geringer Input Lag, HDMI, DP) Schwarz",https://www.amazon.de/Viewsonic-VX2458-MHD-Monitor-FreeSync-geringer/dp/B07JK6XMSN/ref=sr_1_120?dchild=1&keywords=Monitor&qid=1617015159&sr=8-120,4.5,1.029,"163,00 €",monitor
"XB253QGP Gaming Monitor 24,5 Zoll (62 cm Bildschirm) Full HD, 144Hz, Fast LC 2ms (G2G), 2xHDMI 2.0, DP 1.2a, höhenverstellbar, drehbar, GSync Compatible, HDMI VRR",https://www.amazon.de/Acer-ZeroFrame-1920x1080-H%C3%B6henverstellbar-Compatible/dp/B07ZJMPQB6/ref=sr_1_121?dchild=1&keywords=Monitor&qid=1617015159&sr=8-121,4.5,728.0,"231,99 €",monitor
"ASUS PQ22UC 54,86cm (21,6 Zoll) Professional OLED Monitor (4K, HDR, 0,1ms Reaktionszeit, abnehmbarer Standfuß) grau",https://www.amazon.de/ASUS-PQ22UC-Professional-Reaktionszeit-abnehmbarer/dp/B07MYKLMSX/ref=sr_1_122?dchild=1&keywords=Monitor&qid=1617015159&sr=8-122,3.3,4.0,,monitor
"Philips 242E1GAEZ - 24 Zoll FHD Gaming Monitor, 144 Hz, 1ms, FreeSync Premium (1920x1080, HDMI, DisplayPort) schwarz",https://www.amazon.de/Philips-242E1GAEZ-FreeSync-1920x1080-DisplayPort/dp/B08KW8182D/ref=sr_1_123?dchild=1&keywords=Monitor&qid=1617015159&sr=8-123,4.1,331.0,"179,00 €",monitor
"Philips 242E1GAEZ - 24 Zoll FHD Gaming Monitor, 144 Hz, 1ms, FreeSync Premium (1920x1080, HDMI, DisplayPort) schwarz",https://www.amazon.de/gp/slredirect/picassoRedirect.html/ref=pa_sp_mtf_aps_sr_pg8_1?ie=UTF8&adId=A01983761L54K32A6Q5F7&url=%2FPhilips-242E1GAEZ-FreeSync-1920x1080-DisplayPort%2Fdp%2FB08KW8182D%2Fref%3Dsr_1_124_sspa%3Fdchild%3D1%26keywords%3DMonitor%26qid%3D1617015159%26sr%3D8-124-spons%26psc%3D1&qualifier=1617015159&id=4434863003459745&widgetName=sp_mtf,4.1,331.0,"179,00 €",monitor
"LG 27UN83A 68,58 cm (27 Zoll) UHD 4K IPS Monitor (5ms, AMD FreeSync, VESA Display HDR 400, USB-C, 3840 x 2160, 99% sRGB-Abdeckung, verstellbar), Rückseite weiß, Standfuß silber",https://www.amazon.de/LG-FreeSync-sRGB-Abdeckung-verstellbar-R%C3%BCckseite/dp/B088BS1LMV/ref=sr_1_125?dchild=1&keywords=Monitor&qid=1617015159&sr=8-125,4.6,1.253,"449,00 €",monitor
"Z-Edge Tragbarer Monitor USB Typ-C Portable Monitor 15,6 Zoll IPS Bildschirm 1920x1080 Full HD Gaming Monitor mit Mini-HDMI Typ-C Für Laptop PC Mac Smartphone Xbox PS4 Switch usw, inkl. Schutzhülle",https://www.amazon.de/Z-Edge-Tragbarer-Bildschirm-Smartphone-Schutzh%C3%BClle/dp/B08CKSGLHK/ref=sr_1_126_mod_primary_lightning_deal?dchild=1&keywords=Monitor&qid=1617015159&sbo=Tc8eqSFhUl4VwMzbE4fw%2Fw%3D%3D&smid=A31VKF274A20Z0&sr=8-126,4.4,98.0,"143,99 €",monitor
"Asus TUF Gaming VG289Q 71,12cm (28 Zoll) Monitor (UHD 4K, IPS, DCI-P3 , Adaptive-Sync/FreeSync, HDR 10) schwarz",https://www.amazon.de/VG289Q-Monitor-Adaptive-Sync-FreeSync-schwarz/dp/B082NVNV42/ref=sr_1_127?dchild=1&keywords=Monitor&qid=1617015159&sr=8-127,4.6,272.0,"392,91 €",monitor
"Portable Monitor - Corprit 15,6 Zoll Tragbarer Monitor 1920X1080 Full HD USB-C Monitor mit IPS Bildschirm USB-C/Mini-HDMI für PC, Handy, PS4 usw, Xbox, mit Schutzhülle Item Title",https://www.amazon.de/Portable-Monitor-Tragbarer-Bildschirm-Schutzh%C3%BClle/dp/B089LNM5HP/ref=sr_1_128?dchild=1&keywords=Monitor&qid=1617015159&sr=8-128,4.3,757.0,"179,99 €",monitor
"19 Zoll PC Monitor, Prechen Monitor 1440 * 900 mit HDMI- und VGA-Schnittstellen, 60 Hz, Helligkeit 250 cd/m², 5 ms Reaktionszeit, Eingebaute Lautsprecher PC Bildschirm, Schwarz",https://www.amazon.de/gp/slredirect/picassoRedirect.html/ref=pa_sp_mtf_aps_sr_pg8_1?ie=UTF8&adId=A080316418WPFI1U6F8DR&url=%2FPrechen-Reaktionszeit-Lautsprecher-VGA-Schnittstellen-Gaming-Bildschirm%2Fdp%2FB0822G21YZ%2Fref%3Dsr_1_129_sspa%3Fdchild%3D1%26keywords%3DMonitor%26qid%3D1617015159%26sr%3D8-129-spons%26psc%3D1&qualifier=1617015159&id=4434863003459745&widgetName=sp_mtf,3.8,180.0,"89,99 €",monitor
"Portable Monitor,EVICIV 15,6 Zoll Tragbarer Bildschirm 2000: 1 Kontrast 100% sRGB Rahmeloser HDMI/Typ-C Gaming Monitor 1920 * 1080 Tragbarer IPS-Bildschirm für PC, Handy,Xbox,PS4 mit Schutzhülle",https://www.amazon.de/Portable-Monitor-EVICIV-Tragbarer-Bildschirm/dp/B08P5PC14R/ref=sr_1_130?dchild=1&keywords=Monitor&qid=1617015159&sr=8-130,4.5,52.0,"210,99 €",monitor
"Lenovo C32q-20 - Computer Monitor LED 31.5"", 2560 x 1440 @ 75 Hz, Black",https://www.amazon.de/Lenovo-C32q-20-80cm-Monitor-FreeSync/dp/B07XWK94CG/ref=sr_1_131?dchild=1&keywords=Monitor&qid=1617015159&sr=8-131,4.1,7.0,"274,90 €",monitor
"iiyama ProLite XUB2294HSU-W1 54,6cm (22 Zoll) VA LED-Monitor Full-HD (VGA, HDMI, DisplayPort, USB2.0) Ultra-Slim-Line, Höhenverstellung, Pivot, weiß",https://www.amazon.de/XUB2294HSU-W1-LED-Monitor-DisplayPort-Ultra-Slim-Line-H%C3%B6henverstellung/dp/B07SPFXG25/ref=sr_1_132?dchild=1&keywords=Monitor&qid=1617015159&sr=8-132,4.5,1.088,"155,45 €",monitor
"BenQ PD2500Q 63,5 cm (25 Zoll) Monitor (2K Designer, 2560 x 1440 Pixel QHD, werkseitig kalibriert, ultra-schlankes Blendendesign, höhenverstellbar, flimmerfrei, Anti Glare, HDMI) schwarz",https://www.amazon.de/BenQ-PD2500Q-ultra-schlankes-Blendendesign-h%C3%B6henverstellbar/dp/B0737M9QP7/ref=sr_1_133?dchild=1&keywords=Monitor&qid=1617015159&sr=8-133,4.7,3.123,"299,00 €",monitor
"CHUWI CoreBox Windows 10 Mini PC, Intel Core i5 Mini Desktop PC, 8GB DDR3 256GB SSD, erweiterbar 2TB 2,5 Zoll HDD, 2,4 GHz / 5 GHz Dual WiFi/Gigabit Ethernet / 4K Decodierung /BT4.2",https://www.amazon.de/gp/slredirect/picassoRedirect.html/ref=pa_sp_btf_aps_sr_pg8_1?ie=UTF8&adId=A02051832YEHN0BKJIZVW&url=%2FCHUWI-i5-5257U-Prozesser-Computer-Graphics%2Fdp%2FB08BYFN5BC%2Fref%3Dsr_1_134_sspa%3Fdchild%3D1%26keywords%3DMonitor%26qid%3D1617015159%26sr%3D8-134-spons%26psc%3D1&qualifier=1617015159&id=4434863003459745&widgetName=sp_btf,4.2,408.0,"299,00 €",monitor
"Z-Edge Tragbarer Monitor USB Typ-C Portable Monitor 15,6 Zoll IPS Bildschirm 1920x1080 Full HD Gaming Monitor mit Mini-HDMI Typ-C Für Laptop PC Mac Smartphone Xbox PS4 Switch usw, inkl. Schutzhülle",https://www.amazon.de/gp/slredirect/picassoRedirect.html/ref=pa_sp_atf_next_aps_sr_pg10_1?ie=UTF8&adId=A00605591PCBVCFX8MJP5&url=%2FZ-Edge-Tragbarer-Bildschirm-Smartphone-Schutzh%25C3%25BClle%2Fdp%2FB08CKSGLHK%2Fref%3Dsr_1_145_sspa%3Fdchild%3D1%26keywords%3DMonitor%26qid%3D1617015160%26smid%3DA31VKF274A20Z0%26sr%3D8-145-spons%26psc%3D1&qualifier=1617015160&id=6601802723940688&widgetName=sp_atf_next,4.4,98.0,"143,99 €",monitor
"V7 PS27.0W9A2- 2E 27"" Blickschutzfilter (16:9, 58,19 x 36,34 cm / 22,91 x 14,31 Zoll, matt/glossy, Reinigungstuch, Befestigungslaschen)",https://www.amazon.de/gp/slredirect/picassoRedirect.html/ref=pa_sp_atf_next_aps_sr_pg10_1?ie=UTF8&adId=A01714543DZJEYQAD3YQK&url=%2FV7-PS27-0W9A2-Blickschutzfilter-Reinigungstuch-Befestigungslaschen%2Fdp%2FB078YDG157%2Fref%3Dsr_1_146_sspa%3Fdchild%3D1%26keywords%3DMonitor%26qid%3D1617015160%26sr%3D8-146-spons%26psc%3D1&qualifier=1617015160&id=6601802723940688&widgetName=sp_atf_next,3.9,129.0,"78,99 €",monitor
"Tragbarer Monitor USB C Bildschirm Ultra Dünn matt, EVICIV Portable Monitor 13.3 Zoll IPS Display 1920 x 1080 Full HD Eingebaute Haltung mit USB-C/Typ-C Mini-HDMI für PC, Raspberry Pi, Xbox, PS4",https://www.amazon.de/Tragbarer-Bildschirm-EVICIV-Eingebaute-Mini-HDMI/dp/B08VJ1R6B6/ref=sr_1_147?dchild=1&keywords=Monitor&qid=1617015160&sr=8-147,5.0,6.0,"239,99 €",monitor
"SunFounder Raspberrry Pi 4 Touchscreen HDMI 7 Zoll 1024 × 600 LCD-Bildschirm mit kapazitivem Display für Raspberry Pi 4B, 3B, 2B und 1 Modell B +, Windows",https://www.amazon.de/SunFounder-Raspberrry-Touchscreen-LCD-Bildschirm-kapazitivem/dp/B08VNPYQ7Y/ref=sr_1_148?dchild=1&keywords=Monitor&qid=1617015160&sr=8-148,4.5,2.0,"59,99 €",monitor
"MSI Optix G241 60cm (24 Zoll) FHD IPS Gaming-Monitor DP/HDMI FreeSync 144Hz 1ms, G241-013, Black",https://www.amazon.de/MSI-Optix-Gaming-Monitor-FreeSync-144Hz/dp/B085486HDR/ref=sr_1_149?dchild=1&keywords=Monitor&qid=1617015160&sr=8-149,4.7,39.0,"239,00 €",monitor
"msi Optix G27CQ4 68,8cm (27"") WQHD Gaming-Monitor DP/HDMI FreeSync 165Hz 1ms",https://www.amazon.de/msi-Optix-G27CQ4-Gaming-Monitor-FreeSync/dp/B08746XFM4/ref=sr_1_150?dchild=1&keywords=Monitor&qid=1617015160&sr=8-150,4.6,12.0,"403,11 €",monitor
"iiyama Prolite XUB2792QSU-W1 68,5cm (27 Zoll) IPS LED-Monitor QHD (DVI, HDMI, DisplayPort, USB3.0, Ultra-Slim-Line, FreeSync, Höhenverstellung, Pivot) weiß",https://www.amazon.de/XUB2792QSU-W1-LED-Monitor-DisplayPort-Ultra-Slim-Line-H%C3%B6henverstellung/dp/B0783QTWLD/ref=sr_1_151?dchild=1&keywords=Monitor&qid=1617015160&sr=8-151,4.6,1.718,"289,00 €",monitor
"Samsung C24F396FHU 60,9 cm (24 Zoll) Curved Monitor, schwarz",https://www.amazon.de/Samsung-C24F396FHU-Curved-Monitor-schwarz/dp/B01DMDKZTC/ref=sr_1_152?dchild=1&keywords=Monitor&qid=1617015160&sr=8-152,4.6,10.055,,monitor
"Asus VP247HAE 59,9 cm (23,6 Zoll) EyeCare Monitor (Full HD, VGA, HDMI, 5ms Reaktionszeit) schwarz",https://www.amazon.de/VP247HAE-EyeCare-Monitor-Lautsprecher-Reaktionszeit/dp/B07FX1R6MX/ref=sr_1_153?dchild=1&keywords=Monitor&qid=1617015160&sr=8-153,4.5,242.0,"116,91 €",monitor
"Philips 272S1AE 68 cm (27 Zoll) Monitor (DVI, HDMI, DisplayPort, 4ms Reaktionszeit, 1920x1080, 75 Hz, FreeSync) schwarz",https://www.amazon.de/Philips-272S1AE-DisplayPort-Reaktionszeit-1920x1080/dp/B088FWNNMF/ref=sr_1_154?dchild=1&keywords=Monitor&qid=1617015160&sr=8-154,4.7,29.0,"182,90 €",monitor
"HUAWEI FullHD Monitor 'AD80' mit 60,45 cm (23,8 Zoll) Diagonale, HDMI, VGA, Schwarz + HUAWEI AX3 3000 Mbit/s Dual Band WLAN Router",https://www.amazon.de/gp/slredirect/picassoRedirect.html/ref=pa_sp_mtf_aps_sr_pg10_1?ie=UTF8&adId=A06549932M6TA56G11CV3&url=%2FHUAWEI-FullHD-Monitor-Diagonale-Schwarz%2Fdp%2FB08WSCN3MY%2Fref%3Dsr_1_155_sspa%3Fdchild%3D1%26keywords%3DMonitor%26qid%3D1617015160%26sr%3D8-155-spons%26psc%3D1&qualifier=1617015160&id=6601802723940688&widgetName=sp_mtf,,,159.00,monitor
"HUAWEI MateBook D16 Laptop, 16,1 Zoll FullView 1080p FullHD Display, 512GB PCIe SSD+16GB RAM + Eye Comfort FullHD Monitor 'AD80' mit 60,45 cm (23,8 Zoll) Diagonale",https://www.amazon.de/gp/slredirect/picassoRedirect.html/ref=pa_sp_mtf_aps_sr_pg10_1?ie=UTF8&adId=A0883438F5E84CEN70J1&url=%2FHUAWEI-MateBook-FullView-Display-Diagonale%2Fdp%2FB08XKWZYCX%2Fref%3Dsr_1_156_sspa%3Fdchild%3D1%26keywords%3DMonitor%26qid%3D1617015160%26sr%3D8-156-spons%26psc%3D1&qualifier=1617015160&id=6601802723940688&widgetName=sp_mtf,4.7,451.0,899.00,monitor
"AOC AGON AG251FZ2E - 25 Zoll FHD Gaming Monitor, 240 Hz, 0.5ms, FreeSync Premium (1920x1080, DVI, HDMI, DisplayPort, USB Hub) schwarz/rot",https://www.amazon.de/AOC-AG251Fz2e-DisplayPort-Reaktionszeit-FreeSync/dp/B08CKNTG8X/ref=sr_1_157?dchild=1&keywords=Monitor&qid=1617015160&sr=8-157,4.4,1.01,"359,00 €",monitor
"Samsung S24R352 60,45 cm (23,8 Zoll) Full-HD Monitor, Rahmenloses Design / IPS Panel (16:9, 4ms G/G Reaktionszeit, VGA, HDMI), IPS-Panel , schwarz-glänzend",https://www.amazon.de/Samsung-S24R352-Full-HD-Monitor-Rahmenloses/dp/B083QTRM4P/ref=sr_1_158?dchild=1&keywords=Monitor&qid=1617015160&sr=8-158,4.7,365.0,"141,81 €",monitor
"22 Zoll / 55,88 cm | TFT Monitor Flachbildschirm - nach Lagerbestand | 1680 x 1050 | VGA & DVI (Generalüberholt)",https://www.amazon.de/Zoll-TFT-Monitor-Flachbildschirm-General%C3%BCberholt/dp/B08NF7PQCZ/ref=sr_1_159?dchild=1&keywords=Monitor&qid=1617015160&sr=8-159,4.4,32.0,"77,00 €",monitor
"MEDION ERAZER X53275 80 cm (31,5 Zoll) QHD Widescreen Curved Gaming Monitor (144Hz, 1440p, 16:9, 1ms, HDMI, Display Port, integrierter Lautsprecher)",https://www.amazon.de/MEDION-ERAZER-X53275-Widescreen-Monitor/dp/B0855RK3RQ/ref=sr_1_160?dchild=1&keywords=Monitor&qid=1617015160&sr=8-160,4.1,26.0,"329,99 €",monitor
"Viewsonic VX2485-MHU 60,5 cm (24 Zoll) Design Monitor (Full-HD, IPS-Panel, FreeSync, HDMI, USB-C 3.2 inkl. Ladefunktion, Lautsprecher) Schwarz",https://www.amazon.de/Viewsonic-VX2485-MHU-IPS-Panel-Ladefunktion-Lautsprecher/dp/B07ZQQ493B/ref=sr_1_161?dchild=1&keywords=Monitor&qid=1617015160&sr=8-161,4.2,153.0,"176,99 €",monitor
"Tragbarer Monitor 4K - 12.5"" IVV Portable Monitor mit IPS Bildschirm, Gaming Monitor, USB C UHD 3840 * 2160 Monitor für PC, Laptop, Handy, Raspberry Pi, Xbox One Switch PS3 PS4 Pro PS5",https://www.amazon.de/Tragbarer-Monitor-4K-Bildschirm-Raspberry/dp/B08SLKWHBY/ref=sr_1_162?dchild=1&keywords=Monitor&qid=1617015160&sr=8-162,4.3,131.0,"289,99 €",monitor
"Viewsonic VG1655 47 cm (16 Zoll) Portabler Monitor (Full-HD, IPS-Panel, mini-HDMI, 2x USB-C, Lautsprecher, 4 Jahre Austauschservice) Silber-Schwarz",https://www.amazon.de/Viewsonic-VG1655-Portabler-Lautsprecher-silber-schwarz/dp/B087792CQT/ref=sr_1_163?dchild=1&keywords=Monitor&qid=1617015160&sr=8-163,4.4,362.0,"228,99 €",monitor
"ASUS ROG Swift 360Hz PG259QN 62,23cm (24,5 Zoll) eSPorts Gaming Monitor (Full HD, Fast IPS, Nvidia G-Sync, HDR, HDMI, DisplayPort, 1ms Reaktionszeit) schwarz",https://www.amazon.de/ASUS-PG259QN-eSPorts-DisplayPort-Reaktionszeit/dp/B08JGVJ9C3/ref=sr_1_164?dchild=1&keywords=Monitor&qid=1617015160&sr=8-164,4.1,19.0,"769,00 €",monitor
"HUANUO Monitor Halterung mit Laptop Arm, Volleinstellbar für 13 bis 27 Zoll LCD LED Bildschirm & max. 15.6 Zoll Notebook, 2 Montageoptionen",https://www.amazon.de/gp/slredirect/picassoRedirect.html/ref=pa_sp_btf_aps_sr_pg10_1?ie=UTF8&adId=A0462542UCX41GOS5YK3&url=%2FHUANUO-Halterung-Volleinstellbar-Bildschirm-Montageoptionen-Schwarz%2Fdp%2FB07DWM9WNM%2Fref%3Dsr_1_165_sspa%3Fdchild%3D1%26keywords%3DMonitor%26qid%3D1617015160%26sr%3D8-165-spons%26psc%3D1%26smid%3DA2F7OKQRG33SQI&qualifier=1617015160&id=6601802723940688&widgetName=sp_btf,4.7,3.663,"54,99 €",monitor
DIGITUS Professional DS-55303 - HDMI Extender/Splitter Set (4 Empfänger) - 1 lokaler Monitor - bis zu 40 m Reichweite - PoE-fähig - Patchkabel (Cat 6/6A/7) - schwarz,https://www.amazon.de/gp/slredirect/picassoRedirect.html/ref=pa_sp_btf_aps_sr_pg10_1?ie=UTF8&adId=A01286032ONW9ZRM1ZAYY&url=%2FDIGITUS-Professional-DS-55303-Reichweite-Patchkabel%2Fdp%2FB079Z52YGM%2Fref%3Dsr_1_166_sspa%3Fdchild%3D1%26keywords%3DMonitor%26qid%3D1617015160%26sr%3D8-166-spons%26psc%3D1&qualifier=1617015160&id=6601802723940688&widgetName=sp_btf,5.0,5.0,"157,16 €",monitor
"Z-Edge Tragbarer Monitor USB Typ-C Portable Monitor 15,6 Zoll IPS Bildschirm 1920x1080 Full HD Gaming Monitor mit Mini-HDMI Typ-C Für Laptop PC Mac Smartphone Xbox PS4 Switch usw, inkl. Schutzhülle",https://www.amazon.de/gp/slredirect/picassoRedirect.html/ref=pa_sp_atf_next_aps_sr_pg12_1?ie=UTF8&adId=A00605591PCBVCFX8MJP5&url=%2FZ-Edge-Tragbarer-Bildschirm-Smartphone-Schutzh%25C3%25BClle%2Fdp%2FB08CKSGLHK%2Fref%3Dsr_1_177_sspa%3Fdchild%3D1%26keywords%3DMonitor%26qid%3D1617015162%26smid%3DA31VKF274A20Z0%26sr%3D8-177-spons%26psc%3D1&qualifier=1617015162&id=3663472036855191&widgetName=sp_atf_next,4.4,98.0,"143,99 €",monitor
"V7 PS27.0W9A2- 2E 27"" Blickschutzfilter (16:9, 58,19 x 36,34 cm / 22,91 x 14,31 Zoll, matt/glossy, Reinigungstuch, Befestigungslaschen)",https://www.amazon.de/gp/slredirect/picassoRedirect.html/ref=pa_sp_atf_next_aps_sr_pg12_1?ie=UTF8&adId=A01714543DZJEYQAD3YQK&url=%2FV7-PS27-0W9A2-Blickschutzfilter-Reinigungstuch-Befestigungslaschen%2Fdp%2FB078YDG157%2Fref%3Dsr_1_178_sspa%3Fdchild%3D1%26keywords%3DMonitor%26qid%3D1617015162%26sr%3D8-178-spons%26psc%3D1&qualifier=1617015162&id=3663472036855191&widgetName=sp_atf_next,3.9,129.0,"78,99 €",monitor
"Samsung Odyssey G9 (C49G93TSSR) 124 cm (49 Zoll) 240Hz Gaming Monitor (5.120 x 1.440 Pixel, 1ms, QLED, DQHD, 1000R, Dual Monitor, HDR, G-Sync kompatibel, ultra wide) weiß",https://www.amazon.de/Samsung-Odyssey-C49G93TSSR-Monitor-kompatibel/dp/B08SW6P7CH/ref=sr_1_179?dchild=1&keywords=Monitor&qid=1617015162&sr=8-179,4.4,82.0,"1.729,00 €",monitor
Dell Ultrasharp U2312HMT - 23 Zoll Monitor - 1920x1080 Full-HD 1000:1,https://www.amazon.de/Dell-Ultrasharp-U2312HMT-Monitor-1920x1080/dp/B07XM8NGLZ/ref=sr_1_180?dchild=1&keywords=Monitor&qid=1617015162&sr=8-180,,,,monitor
Thinlerain 10.1 Inch CCTV Monitor HDMI 1366 x 768 IPS TFT Full HD Portable Monitor with AV/VGA/HDMI/BNC Speaker for DSLR Home Security CCTV Camera PC DVD,https://www.amazon.de/1366x768-Portable-Lautsprecher-Sicherheit-Thinlerain/dp/B07Q51LS3G/ref=sr_1_181?dchild=1&keywords=Monitor&qid=1617015162&sr=8-181,4.4,30.0,"75,99 €",monitor
"HUAWEI Eye Comfort FullHD Monitor 'AD80' mit 60,45 cm (23,8 Zoll) Diagonale, HDMI, VGA, TÜV Rheinland Zertifizierung für Low Blue Light und Flicker Free-Technologie, Schwarz",https://www.amazon.de/HUAWEI-Diagonale-Rheinland-Zertifizierung-Free-Technologie/dp/B08WPPL4RT/ref=sr_1_182?dchild=1&keywords=Monitor&qid=1617015162&sr=8-182,,,"159,00 €",monitor
"HUAWEI FullHD Monitor 'AD80' mit 60,45 cm (23,8 Zoll) Diagonale, HDMI, VGA, Schwarz + HUAWEI AX3 3000 Mbit/s Dual Band WLAN Router",https://www.amazon.de/gp/slredirect/picassoRedirect.html/ref=pa_sp_mtf_aps_sr_pg12_1?ie=UTF8&adId=A06549932M6TA56G11CV3&url=%2FHUAWEI-FullHD-Monitor-Diagonale-Schwarz%2Fdp%2FB08WSCN3MY%2Fref%3Dsr_1_183_sspa%3Fdchild%3D1%26keywords%3DMonitor%26qid%3D1617015162%26sr%3D8-183-spons%26psc%3D1&qualifier=1617015162&id=3663472036855191&widgetName=sp_mtf,,,159.00,monitor
"ASUS TUF Gaming VG34VQL1B 86,4 cm (34 Zoll) Curved Monitor (WQHD, 165Hz, FreeSync Premium, DisplayHDR 400, HDMI, DisplayPort, 1ms Reaktionszeit)",https://www.amazon.de/ASUS-VG34VQL1B-DisplayHDR-DisplayPort-Reaktionszeit/dp/B08PKXF1LC/ref=sr_1_184?dchild=1&keywords=Monitor&qid=1617015162&sr=8-184,3.9,7.0,"599,00 €",monitor
"Asus TUF Gaming VG279QM 68,6 cm (27 Zoll) Monitor (FullHD, Fast IPS, übertaktbar auf 280Hz, 1ms Reaktionszeit, G-SYNC kompatibel, DisplayHDR 400, 1ms Reaktionszeit) schwarz",https://www.amazon.de/VG279QM-%C3%BCbertaktbar-Reaktionszeit-kompatibel-DisplayHDR/dp/B083S89GJR/ref=sr_1_185?dchild=1&keywords=Monitor&qid=1617015162&sr=8-185,4.6,441.0,"377,77 €",monitor
"LG 27UL550-W 68,58 cm (27 Zoll) UHD 4K IPS Monitor (AMD Radeon FreeSync, DAS Mode, 98%sRGB), schwarz/weiß",https://www.amazon.de/LG-27UL550-W-Monitor-FreeSync-98-sRGB/dp/B07QS5DBBH/ref=sr_1_186?dchild=1&keywords=Monitor&qid=1617015162&sr=8-186,4.6,141.0,"279,61 €",monitor
HFTEK 6-Fach Monitor TV Halter Mounts Tischhalterung für 6 Bildschirme von 15 bis 27 Zoll – VESA 75/100 (HF360C),https://www.amazon.de/HFTEK-6-Fach-Monitor-Tischhalterung-Bildschirme/dp/B01N4IER4E/ref=sr_1_187?dchild=1&keywords=Monitor&qid=1617015162&sr=8-187,3.1,7.0,"179,00 €",monitor
"HUAWEI MateBook D16 Laptop, 16,1 Zoll FullView 1080p FullHD Display, 512GB PCIe SSD+16GB RAM + Eye Comfort FullHD Monitor 'AD80' mit 60,45 cm (23,8 Zoll) Diagonale",https://www.amazon.de/gp/slredirect/picassoRedirect.html/ref=pa_sp_mtf_aps_sr_pg12_1?ie=UTF8&adId=A0883438F5E84CEN70J1&url=%2FHUAWEI-MateBook-FullView-Display-Diagonale%2Fdp%2FB08XKWZYCX%2Fref%3Dsr_1_188_sspa%3Fdchild%3D1%26keywords%3DMonitor%26qid%3D1617015162%26sr%3D8-188-spons%26psc%3D1&qualifier=1617015162&id=3663472036855191&widgetName=sp_mtf,4.7,451.0,899.00,monitor
"Lenovo L27i-28 68,58 cm (27 Zoll, 1920x1080, Full HD, 75Hz, WideView, entspiegelt) Monitor (VGA, HDMI, 4ms Reaktionszeit, AMD Radeon FreeSync) schwarz",https://www.amazon.de/Lenovo-L27i-28-Monitor-Reaktionszeit-FreeSync/dp/B07F9WWSHC/ref=sr_1_189?dchild=1&keywords=Monitor&qid=1617015162&sr=8-189,4.5,133.0,"176,00 €",monitor
"auvisio Multitouch-Monitor: Mobiler IPS-Monitor, 4K UHD, 39,6 cm (15,6""), USB C, Micro-USB & HDMI (Zusatzmonitor)",https://www.amazon.de/auvisio-Multitouch-Monitor-IPS-Monitor-Micro-USB-Zusatzmonitor/dp/B08XW9PV1Z/ref=sr_1_190?dchild=1&keywords=Monitor&qid=1617015162&sr=8-190,,,"319,99 €",monitor
"LG 43BN70U-B 107,98 cm (42,5 Zoll) UHD 4K Monitor (IPS, HDR10, Lese-Modus), schwarz",https://www.amazon.de/LG-43BN70U-B-Monitor-Lese-Modus-schwarz/dp/B08HFF1DD3/ref=sr_1_191?dchild=1&keywords=Monitor&qid=1617015162&sr=8-191,5.0,5.0,"654,90 €",monitor
8 Zoll CCTV LCD Monitor 4: 3 IPS Bildschirm mit VGA HDMI AV BNC Integriertem Lautsprecher USB Media Player mit 12-24V Kfz Netzteil für Auto Hausüberwachung Sicherheit Kamera STB 1024x768 HD,https://www.amazon.de/Zoll-CCTV-LCD-Monitor-Haus%C3%BCberwachung/dp/B0814JLRJN/ref=sr_1_192?dchild=1&keywords=Monitor&qid=1617015162&sr=8-192,3.7,3.0,"84,99 €",monitor
"Mobile Pixels Trio Tragbarer Monitor für Laptops, 31,8 cm (12,5 Zoll), Full HD IPS-Bildschirm, USB C/USB A Dual oder Triple Displays, Windows/OS/Android/Nintendo Switch",https://www.amazon.de/gp/slredirect/picassoRedirect.html/ref=pa_sp_mtf_aps_sr_pg12_1?ie=UTF8&adId=A02130472KR74X539FOID&url=%2FTragbarer-Monitor-IPS-Bildschirm-Displays-Nintendo%2Fdp%2FB08C4LQ857%2Fref%3Dsr_1_193_sspa%3Fdchild%3D1%26keywords%3DMonitor%26qid%3D1617015162%26sr%3D8-193-spons%26psc%3D1%26smid%3DA11BPZIRZ15GB0&qualifier=1617015162&id=3663472036855191&widgetName=sp_mtf,4.1,678.0,"279,99 €",monitor
"Philips 245E1S - 24 Zoll QHD Monitor (2560x1440, 75 Hz, VGA, HDMI, DisplayPort) schwarz",https://www.amazon.de/Philips-245E1S-DisplayPort-Reaktionszeit-FreeSync/dp/B07SPCWZHP/ref=sr_1_194?dchild=1&keywords=Monitor&qid=1617015162&sr=8-194,4.4,594.0,"176,47 €",monitor
"Acer ED (ED323QURAbidpx) 80 cm (31,5 Zoll) VA Curved 1800R ZeroFrame Monitor Matt (DVI, HDMI, DP, WQHD 2560x1440, 4ms GTG, 144Hz, 250 Nits, FreeSync)",https://www.amazon.de/Acer-ED323QURA-DisplayPort-Reaktionszeit-Aufl%C3%B6sung/dp/B07FTJY8VT/ref=sr_1_195?dchild=1&keywords=Monitor&qid=1617015162&sr=8-195,4.4,164.0,"349,00 €",monitor
"ASUS VP229Q 54,6cm (21,5 Zoll) Eye Care Monitor (Full HD, IPS, 75Hz, Adaptive-Sync/FreeSync, HDMI, VGA, DisplayPort, 5ms Reaktionszeit) schwarz",https://www.amazon.de/ASUS-Adaptive-Sync-FreeSync-DisplayPort-Reaktionszeit/dp/B08H5GF9XB/ref=sr_1_196?dchild=1&keywords=Monitor&qid=1617015162&sr=8-196,5.0,3.0,"159,90 €",monitor
"AOC E2475PWJ - 24 Zoll FHD Monitor, höhenverstellbar (1920x1080, 60 Hz, VGA, DVI, HDMI) schwarz",https://www.amazon.de/AOC-E2475PWJ-Monitor-Pivot-schwarz/dp/B01CO2SR56/ref=sr_1_197?dchild=1&keywords=Monitor&qid=1617015162&sr=8-197,3.8,23.0,"134,90 €",monitor
"HUANUO Monitor Halterung mit Laptop Arm, Volleinstellbar für 13 bis 27 Zoll LCD LED Bildschirm & max. 15.6 Zoll Notebook, 2 Montageoptionen",https://www.amazon.de/gp/slredirect/picassoRedirect.html/ref=pa_sp_btf_aps_sr_pg12_1?ie=UTF8&adId=A0462542UCX41GOS5YK3&url=%2FHUANUO-Halterung-Volleinstellbar-Bildschirm-Montageoptionen-Schwarz%2Fdp%2FB07DWM9WNM%2Fref%3Dsr_1_198_sspa%3Fdchild%3D1%26keywords%3DMonitor%26qid%3D1617015162%26sr%3D8-198-spons%26psc%3D1%26smid%3DA2F7OKQRG33SQI&qualifier=1617015162&id=3663472036855191&widgetName=sp_btf,4.7,3.663,"54,99 €",monitor
"HUANUO Monitor Halterung mit Laptop Arm, Volleinstellbar für 13 bis 27 Zoll LCD LED Bildschirm & max. 15.6 Zoll Notebook, 2 Montageoptionen",https://www.amazon.de/gp/slredirect/picassoRedirect.html/ref=pa_sp_atf_next_aps_sr_pg16_1?ie=UTF8&adId=A0462542UCX41GOS5YK3&url=%2FHUANUO-Halterung-Volleinstellbar-Bildschirm-Montageoptionen-Schwarz%2Fdp%2FB07DWM9WNM%2Fref%3Dsr_1_241_sspa%3Fdchild%3D1%26keywords%3DMonitor%26qid%3D1617015163%26sr%3D8-241-spons%26psc%3D1%26smid%3DA2F7OKQRG33SQI&qualifier=1617015163&id=1251320623187520&widgetName=sp_atf_next,4.7,3.663,"54,99 €",monitor
"V7 PS27.0W9A2- 2E 27"" Blickschutzfilter (16:9, 58,19 x 36,34 cm / 22,91 x 14,31 Zoll, matt/glossy, Reinigungstuch, Befestigungslaschen)",https://www.amazon.de/gp/slredirect/picassoRedirect.html/ref=pa_sp_atf_next_aps_sr_pg16_1?ie=UTF8&adId=A04405022E9KS6KODIUF&url=%2FV7-PS27-0W9A2-Blickschutzfilter-Reinigungstuch-Befestigungslaschen%2Fdp%2FB078YDG157%2Fref%3Dsr_1_242_sspa%3Fdchild%3D1%26keywords%3DMonitor%26qid%3D1617015163%26sr%3D8-242-spons%26psc%3D1&qualifier=1617015163&id=1251320623187520&widgetName=sp_atf_next,3.9,129.0,"78,99 €",monitor
"Samsung U28R552UQU - 71,12 cm (28 Zoll), IPS-Panel (16:9, 3.840 x 2.160 Pixel, 60 Hz)",https://www.amazon.de/Samsung-U28R552UQU-IPS-Panel-3-840-2-160/dp/B082WSF76L/ref=sr_1_243?dchild=1&keywords=Monitor&qid=1617015163&sr=8-243,4.6,631.0,"359,00 €",monitor
"Dell U3419W, 34 Zoll, curved, 4K UHD 3840 x 2160, 60 Hz, IPS entspiegelt, 16:9, 5 ms (extrem), höhenverstellbar",https://www.amazon.de/U3419W-Monitor-DisplayPort-Reaktionszeit-schwarz/dp/B07H5L1RNB/ref=sr_1_244?dchild=1&keywords=Monitor&qid=1617015163&sr=8-244,4.6,88.0,"774,90 €",monitor
"iiyama ProLite XB3270QS-B1 80cm (32 Zoll) IPS LED-Monitor WQHD (DVI, HDMI, DisplayPort, Höhenverstellung) schwarz",https://www.amazon.de/ProLite-XB3270QS-B1-LED-Monitor-DisplayPort-H%C3%B6henverstellung/dp/B078W9DL4Q/ref=sr_1_245?dchild=1&keywords=Monitor&qid=1617015163&sr=8-245,4.6,1.317,"279,00 €",monitor
"OMEN X 25 (24,5 Zoll / FHD 144Hz) Gaming Monitor (bis 240 Hz, 1920 x 1080, 16:9, Nvidia G-Sync) schwarz",https://www.amazon.de/HP-Monitor-Displayport-Reaktionszeit-h%C3%B6henverstellbar/dp/B07T6TSZKD/ref=sr_1_246?dchild=1&keywords=Monitor&qid=1617015163&sr=8-246,4.6,1.943,"439,00 €",monitor
"HUAWEI FullHD Monitor 'AD80' mit 60,45 cm (23,8 Zoll) Diagonale, HDMI, VGA, Schwarz + HUAWEI AX3 3000 Mbit/s Dual Band WLAN Router",https://www.amazon.de/gp/slredirect/picassoRedirect.html/ref=pa_sp_mtf_aps_sr_pg16_1?ie=UTF8&adId=A06549932M6TA56G11CV3&url=%2FHUAWEI-FullHD-Monitor-Diagonale-Schwarz%2Fdp%2FB08WSCN3MY%2Fref%3Dsr_1_247_sspa%3Fdchild%3D1%26keywords%3DMonitor%26qid%3D1617015163%26sr%3D8-247-spons%26psc%3D1&qualifier=1617015163&id=1251320623187520&widgetName=sp_mtf,,,159.00,monitor
"Bewinner 11,6 Zoll Kapazitiver Touchscreen Portable Monitor 1080P IPS Kapazitives Touch-Display-Set für Raspberry Pi Integrated Computer Game Device Monitor Mini-PC",https://www.amazon.de/Bewinner-Kapazitiver-Touchscreen-Kapazitives-Touch-Display-Set-default/dp/B07QDZFZLX/ref=sr_1_248?dchild=1&keywords=Monitor&qid=1617015163&sr=8-248,,,"223,49 €",monitor
"ODYS XP32 80,01cm (31,5"") WQHD Curved Monitor (2560x1440 Pixel, 250 Lumen, 165Hz, 1ms Reaktionszeit, AMD FreeSync, NVIDIA G-Sync kompatibel, Blaulicht Reduktion, HDMI 2.0, Display Port, 3,5mm) Schwarz",https://www.amazon.de/ODYS-2560x1440-Reaktionszeit-kompatibel-Blaulicht/dp/B08NLDWF2T/ref=sr_1_249?dchild=1&keywords=Monitor&qid=1617015163&sr=8-249,4.4,46.0,"359,00 €",monitor
"Philips 241B8QJEB - 24 Zoll FHD Monitor, höhenverstellbar (1920x1080, 60 Hz, VGA, DVI, HDMI, DisplayPort, USB Hub) schwarz",https://www.amazon.de/Philips-241B8QJEB-00-Monitor-DisplayPort/dp/B07JQMTMYT/ref=sr_1_250?dchild=1&keywords=Monitor&qid=1617015163&sr=8-250,4.5,608.0,"166,47 €",monitor
"Acer XF240QS Gaming Monitor 23,6 Zoll (60 cm Bildschirm) Full HD, 165Hz OC, 144Hz, 1ms (G2G), 2xHDMI 2.0, DP 1.2, höhenverstellbar, drehbar, HDMI/DP FreeSync",https://www.amazon.de/Acer-XF240QS-1920x1080-H%C3%B6henverstellbar-FreeSync/dp/B082YH5BNT/ref=sr_1_251?dchild=1&keywords=Monitor&qid=1617015163&sr=8-251,4.5,916.0,,monitor
"Philips 242E1GAEZ - 24 Zoll FHD Gaming Monitor, 144 Hz, 1ms, FreeSync Premium (1920x1080, HDMI, DisplayPort) schwarz",https://www.amazon.de/gp/slredirect/picassoRedirect.html/ref=pa_sp_mtf_aps_sr_pg16_1?ie=UTF8&adId=A01983761L54K32A6Q5F7&url=%2FPhilips-242E1GAEZ-FreeSync-1920x1080-DisplayPort%2Fdp%2FB08KW8182D%2Fref%3Dsr_1_252_sspa%3Fdchild%3D1%26keywords%3DMonitor%26qid%3D1617015163%26sr%3D8-252-spons%26psc%3D1&qualifier=1617015163&id=1251320623187520&widgetName=sp_mtf,4.1,331.0,"179,00 €",monitor
"LG 27GN88A-B 68,5 cm (27 Zoll) UltraGear QHD IPS Gaming-Monitor (144 Hz, 1ms GtG, G-SYNC-kompatibel, Ergonomischer Standfuß, 2560 x 1440, komplett verstell- und schwenkbar), schwarz",https://www.amazon.de/LG-27GN88A-B-Gaming-Monitor-G-SYNC-kompatibel-Ergonomischer/dp/B088BSBXWK/ref=sr_1_253?dchild=1&keywords=Monitor&qid=1617015163&sr=8-253,4.2,82.0,"549,00 €",monitor
"Asus VZ229HE 54,61 cm (21,5 Zoll) Eye-Care Monitor (Full HD, VGA, HDMI, 5ms Reaktionszeit) schwarz",https://www.amazon.de/VZ229HE-Eye-Care-Monitor-Reaktionszeit-schwarz/dp/B0711HF5ZL/ref=sr_1_254?dchild=1&keywords=Monitor&qid=1617015163&sr=8-254,4.7,212.0,"134,91 €",monitor
Docooler 7 Zoll TFT LCD Monitor Bildschirm 16: 9 1024 * 600 BNC AV Video Audio für PC-Sicherheit VCD DVD EU-Stecker,https://www.amazon.de/Docooler-S701-7-Zoll-TFT-LCD-Monitor-Bildschirm-PC-Sicherheit-EU-Stecker/dp/B07GJGZB1T/ref=sr_1_255?dchild=1&keywords=Monitor&qid=1617015163&sr=8-255,4.1,112.0,"37,99 €",monitor
"MILLENIUM Display MD27 PRO Gaming Monitor 27 Zoll mit WQHD (2560x1440 Pixel) - 144hz Monitor mit niedriger Response Time (1ms), idealer 1440p PC Bildschirm für Gamer, höhenverstellbar & drehbar",https://www.amazon.de/MILLENIUM-MD27PRO-QHD-144Hz-3xHDMI/dp/B07YL73B2Z/ref=sr_1_256?dchild=1&keywords=Monitor&qid=1617015163&sr=8-256,4.2,122.0,"318,00 €",monitor
"19 Zoll PC Monitor, Prechen Monitor 1440 * 900 mit HDMI- und VGA-Schnittstellen, 60 Hz, Helligkeit 250 cd/m², 5 ms Reaktionszeit, Eingebaute Lautsprecher PC Bildschirm, Schwarz",https://www.amazon.de/gp/slredirect/picassoRedirect.html/ref=pa_sp_mtf_aps_sr_pg16_1?ie=UTF8&adId=A080316418WPFI1U6F8DR&url=%2FPrechen-Reaktionszeit-Lautsprecher-VGA-Schnittstellen-Gaming-Bildschirm%2Fdp%2FB0822G21YZ%2Fref%3Dsr_1_257_sspa%3Fdchild%3D1%26keywords%3DMonitor%26qid%3D1617015163%26sr%3D8-257-spons%26psc%3D1&qualifier=1617015163&id=1251320623187520&widgetName=sp_mtf,3.8,180.0,"89,99 €",monitor
"Samsung C27T550FDU 68,58 cm (27 Zoll) Curved Monitor (1.920 x 1.080 Pixel, 16:9 Format, 75 Hz, 4ms, 1000R, dual monitor geeignet, pc monitor, AMD FreeSync) dunkelblaugrau",https://www.amazon.de/Samsung-C27T550FDU-Curved-Monitor-1-920/dp/B084P5YGNM/ref=sr_1_258?dchild=1&keywords=Monitor&qid=1617015163&sr=8-258,4.6,359.0,,monitor
"Viewsonic VX3211-4K-MHD 80,1 cm (32 Zoll) Design Monitor (4K, VA-Panel, FreeSync, HDR10, HDMI, DP, Lautsprecher) Schwarz",https://www.amazon.de/Viewsonic-VX3211-4K-MHD-VA-Panel-FreeSync-Lautsprecher/dp/B07F733RYH/ref=sr_1_259?dchild=1&keywords=Monitor&qid=1617015163&sr=8-259,4.5,897.0,"337,51 €",monitor
"Asus VP278QG 68,6 cm (27 Zoll) Monitor (Full HD, 75Hz, VGA, HDMI, DisplayPort, 1ms Reaktionszeit) schwarz",https://www.amazon.de/VP278QG-Monitor-DisplayPort-Reaktionszeit-schwarz/dp/B075CPMW8M/ref=sr_1_260?dchild=1&keywords=Monitor&qid=1617015163&sr=8-260,4.5,214.0,"190,77 €",monitor
"LG 32UN88A 80 cm (32 Zoll) UHD 4K IPS Monitor (HDR10, USB-C, AMD FreeSync, 5ms, Ergonomischer Standfuß, DCI-P3, 3840 x 2160, komplett verstell- und schwenkbar), schwarz",https://www.amazon.de/LG-FreeSync-Ergonomischer-verstell-schwenkbar/dp/B088BMZ41V/ref=sr_1_261?dchild=1&keywords=Monitor&qid=1617015163&sr=8-261,4.5,95.0,"699,00 €",monitor
"22 Zoll / 55,88 cm | TFT Monitor Flachbildschirm - nach Lagerbestand | 1680 x 1050 | VGA & DVI (Generalüberholt)",https://www.amazon.de/gp/slredirect/picassoRedirect.html/ref=pa_sp_btf_aps_sr_pg16_1?ie=UTF8&adId=A025429635AMFFEULTSUN&url=%2FZoll-TFT-Monitor-Flachbildschirm-General%25C3%25BCberholt%2Fdp%2FB08NF7PQCZ%2Fref%3Dsr_1_262_sspa%3Fdchild%3D1%26keywords%3DMonitor%26qid%3D1617015163%26sr%3D8-262-spons%26psc%3D1&qualifier=1617015163&id=1251320623187520&widgetName=sp_btf,4.4,32.0,"77,00 €",monitor
"V7 PS27.0W9A2- 2E 27"" Blickschutzfilter (16:9, 58,19 x 36,34 cm / 22,91 x 14,31 Zoll, matt/glossy, Reinigungstuch, Befestigungslaschen)",https://www.amazon.de/gp/slredirect/picassoRedirect.html/ref=pa_sp_atf_next_aps_sr_pg17_1?ie=UTF8&adId=A01714543DZJEYQAD3YQK&url=%2FV7-PS27-0W9A2-Blickschutzfilter-Reinigungstuch-Befestigungslaschen%2Fdp%2FB078YDG157%2Fref%3Dsr_1_257_sspa%3Fdchild%3D1%26keywords%3DMonitor%26qid%3D1617015164%26sr%3D8-257-spons%26psc%3D1&qualifier=1617015164&id=5076265815802874&widgetName=sp_atf_next,3.9,129.0,"78,99 €",monitor
"deleyCON HDMI zu VGA Konverter Wandler Kabel 1x HDMI Eingang 1x VGA Ausgang 1x 3,5mm Klinke Audio Ausgang HDMI Signal Wandler Konvertierer PC TV Beamer Projektor Monitor",https://www.amazon.de/gp/slredirect/picassoRedirect.html/ref=pa_sp_atf_next_aps_sr_pg17_1?ie=UTF8&adId=A06541052NYHE59FEV84U&url=%2FdeleyCON-Konverter-Wandler-Konvertierer-Projektor-Schwarz%2Fdp%2FB07PWGYSSN%2Fref%3Dsr_1_258_sspa%3Fdchild%3D1%26keywords%3DMonitor%26qid%3D1617015164%26sr%3D8-258-spons%26psc%3D1%26smid%3DA326X3AG3XUTK4&qualifier=1617015164&id=5076265815802874&widgetName=sp_atf_next,4.2,30.0,"8,45 €",monitor
"Viewsonic VG2439SMH-2 59,9 cm (24 Zoll) Business Monitor (Full-HD, VA-Panel, HDMI, DP, Lautsprecher, Höhenverstellbar, USB Hub, 4 Jahre Austauschservice) Schwarz",https://www.amazon.de/Viewsonic-VG2439SMH-2-Business-Lautsprecher-H%C3%B6henverstellbar/dp/B00SZ4GGS8/ref=sr_1_259?dchild=1&keywords=Monitor&qid=1617015164&sr=8-259,4.6,221.0,"148,31 €",monitor
"BenQ RP8601K Touch Monitor (218, 44cm, 86Zoll, 4K, 3840x2160, LED, UHD, Touch, IR 20 Point Touch, AntiGlare, Glass, 4mm, 1200: 1, 16Wx2, Soundbar) Schwarz",https://www.amazon.de/BenQ-RP8601K-Monitor-3840x2160-AntiGlare/dp/B07N2821H2/ref=sr_1_260?dchild=1&keywords=Monitor&qid=1617015164&sr=8-260,,,,monitor
"Philips 271V8L - 27 Zoll FHD Monitor, AdaptiveSync (1920x1080, 75 Hz, VGA, HDMI) schwarz",https://www.amazon.de/Philips-271V8L-Monitor-AdaptiveSync-1920x1080/dp/B08MQLCC9C/ref=sr_1_261?dchild=1&keywords=Monitor&qid=1617015164&sr=8-261,5.0,2.0,"143,90 €",monitor
"LG Ultrafine 27MD5KL-B, Apple IPS UHD 5K 27 Zoll (5120 x 2880, 12 ms, 500 cd/m², DCI-P3 99%, Thunderbolt 3, USB-C x3, Lautsprecher, Kamera, verstellbar in der Höhe)",https://www.amazon.de/LG-27MD5KL-B-27MD5KL/dp/B07YLB3H48/ref=sr_1_262?dchild=1&keywords=Monitor&qid=1617015164&sr=8-262,4.4,17.0,,monitor
"HUAWEI FullHD Monitor 'AD80' mit 60,45 cm (23,8 Zoll) Diagonale, HDMI, VGA, Schwarz + HUAWEI AX3 3000 Mbit/s Dual Band WLAN Router",https://www.amazon.de/gp/slredirect/picassoRedirect.html/ref=pa_sp_mtf_aps_sr_pg17_1?ie=UTF8&adId=A06549932M6TA56G11CV3&url=%2FHUAWEI-FullHD-Monitor-Diagonale-Schwarz%2Fdp%2FB08WSCN3MY%2Fref%3Dsr_1_263_sspa%3Fdchild%3D1%26keywords%3DMonitor%26qid%3D1617015164%26sr%3D8-263-spons%26psc%3D1&qualifier=1617015164&id=5076265815802874&widgetName=sp_mtf,,,159.00,monitor
"Razer Raptor - 27 Zoll Gaming Monitor mit 144 Hz Bildschirm (WQHD 2560 x 1440, IPS, 1 ms Reaktionszeit, HDR 400, NVIDIA G-Sync + AMD FreeSync, Razer Chroma RGB, HDMI, DisplayPort, USB-C)",https://www.amazon.de/Razer-Raptor-Bildschirm-Reaktionszeit-DisplayPort/dp/B08CKN5411/ref=sr_1_264?dchild=1&keywords=Monitor&qid=1617015164&sr=8-264,4.5,95.0,"599,00 €",monitor
"Samsung C27R502FHU 68,58 cm (27 Zoll, Full HD) Curved Monitor (16:9, 1920 x 1080 Pixel, 60 Hz, 4 ms) schwarz",https://www.amazon.de/Samsung-C27R502FHU-Zoll-Curved-Monitor/dp/B07PBBM8SW/ref=sr_1_265?dchild=1&keywords=Monitor&qid=1617015164&sr=8-265,4.6,1.032,"199,00 €",monitor
"Asus VP228DE 54,61 cm (21,5 Zoll Full HD) Eye Care Monitor (VGA, 5ms Reaktionszeit, Blaulichtfilter) schwarz",https://www.amazon.de/VP228DE-Monitor-Reaktionszeit-Blaulichtfilter-schwarz/dp/B01MEETICH/ref=sr_1_266?dchild=1&keywords=Monitor&qid=1617015164&sr=8-266,4.3,117.0,,monitor
"Prechen Tragbarer Monitor 10,1 Zoll Monitor HD 1366x768 LCD/CCTV mit HDMI VGA AV BNC Anschluss, PC Monitor Dünn und leicht Schwarze Metallschale Eingebauter Lautsprecher, USB Powered",https://www.amazon.de/Prechen-1-Zoll-Computer-HDMI-Monitor-LCD-CCTV-Monitor-Metallschale-HDMI-VGA-AV-BNC-Anschluss/dp/B07QF1THK7/ref=sr_1_267?dchild=1&keywords=Monitor&qid=1617015164&sr=8-267,3.6,19.0,"75,99 €",monitor
"HUAWEI MateBook D16 Laptop, 16,1 Zoll FullView 1080p FullHD Display, 512GB PCIe SSD+16GB RAM + Eye Comfort FullHD Monitor 'AD80' mit 60,45 cm (23,8 Zoll) Diagonale",https://www.amazon.de/gp/slredirect/picassoRedirect.html/ref=pa_sp_mtf_aps_sr_pg17_1?ie=UTF8&adId=A0883438F5E84CEN70J1&url=%2FHUAWEI-MateBook-FullView-Display-Diagonale%2Fdp%2FB08XKWZYCX%2Fref%3Dsr_1_268_sspa%3Fdchild%3D1%26keywords%3DMonitor%26qid%3D1617015164%26sr%3D8-268-spons%26psc%3D1&qualifier=1617015164&id=5076265815802874&widgetName=sp_mtf,4.7,451.0,899.00,monitor
"AOC 22V2Q - 22 Zoll FHD Monitor, FreeSync (1920x1080, 75 Hz, HDMI, DisplayPort) schwarz",https://www.amazon.de/AOC-22V2Q-Monitor-Displayport-FreeSync/dp/B07FJMM6LK/ref=sr_1_269?dchild=1&keywords=Monitor&qid=1617015164&sr=8-269,4.7,380.0,"129,00 €",monitor
"Dell Monitor E2720H - 27 Black, DELL-E2720H, Schwarz",https://www.amazon.de/Dell-Monitor-E2720H-DELL-E2720H-Schwarz/dp/B084MP6NK7/ref=sr_1_270?dchild=1&keywords=Monitor&qid=1617015164&sr=8-270,3.6,10.0,"166,90 €",monitor
"Samsung C32T550FDU 80,01 cm (32 Zoll) Curved Monitor (1.920 x 1.080 Pixel, 16:9 Format, 75 Hz, 4ms, 1000R, dual monitor geeignet, pc monitor, AMD FreeSync) dunkelblaugrau",https://www.amazon.de/Samsung-C32T550FDU-Curved-Monitor-1-920/dp/B084PYJMLZ/ref=sr_1_271?dchild=1&keywords=Monitor&qid=1617015164&sr=8-271,4.6,449.0,"264,00 €",monitor
"HANNspree HT225HPB 54,6cm (21,5"") Multitouch-Monitor Full-HD 250cd VGA HDMI DP Lautsprecher USB VESA Neigbar",https://www.amazon.de/Hanns-G-HT225HPB-61cm-5Zoll-1-920x1-080/dp/B01F3636V0/ref=sr_1_272?dchild=1&keywords=Monitor&qid=1617015164&sr=8-272,4.4,679.0,"248,48 €",monitor
"Z-Edge Tragbarer Monitor USB Typ-C Portable Monitor 15,6 Zoll IPS Bildschirm 1920x1080 Full HD Gaming Monitor mit Mini-HDMI Typ-C Für Laptop PC Mac Smartphone Xbox PS4 Switch usw, inkl. Schutzhülle",https://www.amazon.de/gp/slredirect/picassoRedirect.html/ref=pa_sp_mtf_aps_sr_pg17_1?ie=UTF8&adId=A00605591PCBVCFX8MJP5&url=%2FZ-Edge-Tragbarer-Bildschirm-Smartphone-Schutzh%25C3%25BClle%2Fdp%2FB08CKSGLHK%2Fref%3Dsr_1_273_sspa%3Fdchild%3D1%26keywords%3DMonitor%26qid%3D1617015164%26smid%3DA31VKF274A20Z0%26sr%3D8-273-spons%26psc%3D1&qualifier=1617015164&id=5076265815802874&widgetName=sp_mtf,4.4,98.0,"143,99 €",monitor
"Asus VG278Q 68,65 cm (27 Zoll) Monitor (HDMI, DisplayPort, Full HD, FreeSync, G-Sync Compatible, 1ms Reaktionszeit)",https://www.amazon.de/Monitor-Reaktionszeit-FreeSync-DisplayPort-schwarz/dp/B075B1XCBY/ref=sr_1_274?dchild=1&keywords=Monitor&qid=1617015164&sr=8-274,4.6,539.0,"279,90 €",monitor
"Acer XV272UP Gaming Monitor 27 Zoll (69 cm Bildschirm) WQHD, 144Hz, 1ms (VRB), 2xHDMI 2.0, DP 1.2a, höhenverstellbar, drehbar, HDMI/DP FreeSync",https://www.amazon.de/Acer-XV272UPbmiiprzx-DisplayPort-Reaktionszeit-Lautsprecher/dp/B07JP65L76/ref=sr_1_275?dchild=1&keywords=Monitor&qid=1617015164&sr=8-275,4.5,322.0,"355,00 €",monitor
"AOC 27P2Q - 27 Zoll FHD Monitor, höhenverstellbar (1920x1080, 75 Hz, VGA, DVI, HDMI, DisplayPort, USB Hub) schwarz",https://www.amazon.de/AOC-27P2Q-DisplayPort-Reaktionszeit-1920x1080/dp/B086X4D3NK/ref=sr_1_276?dchild=1&keywords=Monitor&qid=1617015164&sr=8-276,4.4,100.0,"196,90 €",monitor
"ASUS ZenScreen MB14AC 35,56 cm (14 Zoll) tragbarer Monitor (Full HD, entspiegelte Oberfläche, IPS, USB Typ-C, Blaulichtfilter)",https://www.amazon.de/ASUS-ZenScreen-entspiegelte-Oberfl%C3%A4che-Blaulichtfilter/dp/B08CML5B2V/ref=sr_1_277?dchild=1&keywords=Monitor&qid=1617015164&sr=8-277,4.3,695.0,"229,00 €",monitor
"HUANUO Monitor Halterung mit Laptop Arm, Volleinstellbar für 13 bis 27 Zoll LCD LED Bildschirm & max. 15.6 Zoll Notebook, 2 Montageoptionen",https://www.amazon.de/gp/slredirect/picassoRedirect.html/ref=pa_sp_btf_aps_sr_pg17_1?ie=UTF8&adId=A0462542UCX41GOS5YK3&url=%2FHUANUO-Halterung-Volleinstellbar-Bildschirm-Montageoptionen-Schwarz%2Fdp%2FB07DWM9WNM%2Fref%3Dsr_1_278_sspa%3Fdchild%3D1%26keywords%3DMonitor%26qid%3D1617015164%26sr%3D8-278-spons%26psc%3D1%26smid%3DA2F7OKQRG33SQI&qualifier=1617015164&id=5076265815802874&widgetName=sp_btf,4.7,3.663,"54,99 €",monitor
"HUANUO Monitor Halterung mit Laptop Arm, Volleinstellbar für 13 bis 27 Zoll LCD LED Bildschirm & max. 15.6 Zoll Notebook, 2 Montageoptionen",https://www.amazon.de/gp/slredirect/picassoRedirect.html/ref=pa_sp_atf_next_aps_sr_pg19_1?ie=UTF8&adId=A0462542UCX41GOS5YK3&url=%2FHUANUO-Halterung-Volleinstellbar-Bildschirm-Montageoptionen-Schwarz%2Fdp%2FB07DWM9WNM%2Fref%3Dsr_1_289_sspa%3Fdchild%3D1%26keywords%3DMonitor%26qid%3D1617015166%26sr%3D8-289-spons%26psc%3D1%26smid%3DA2F7OKQRG33SQI&qualifier=1617015166&id=8486014502729212&widgetName=sp_atf_next,4.7,3.663,"54,99 €",monitor
"V7 PS27.0W9A2- 2E 27"" Blickschutzfilter (16:9, 58,19 x 36,34 cm / 22,91 x 14,31 Zoll, matt/glossy, Reinigungstuch, Befestigungslaschen)",https://www.amazon.de/gp/slredirect/picassoRedirect.html/ref=pa_sp_atf_next_aps_sr_pg19_1?ie=UTF8&adId=A04405022E9KS6KODIUF&url=%2FV7-PS27-0W9A2-Blickschutzfilter-Reinigungstuch-Befestigungslaschen%2Fdp%2FB078YDG157%2Fref%3Dsr_1_290_sspa%3Fdchild%3D1%26keywords%3DMonitor%26qid%3D1617015166%26sr%3D8-290-spons%26psc%3D1&qualifier=1617015166&id=8486014502729212&widgetName=sp_atf_next,3.9,129.0,"78,99 €",monitor
"DELL P2719H 68,6 cm (27 Zoll) Monitor (VGA, HDMI, DisplayPort, 8ms Reaktionszeit), schwarz",https://www.amazon.de/P2719H-Monitor-DisplayPort-Reaktionszeit-schwarz/dp/B07FDWWCL6/ref=sr_1_291?dchild=1&keywords=Monitor&qid=1617015166&sr=8-291,4.7,706.0,"206,89 €",monitor
"LG 29UM69G-B 73,66 cm (29 Zoll) UltraWide™ Full HD IPS Gaming Monitor (AMD Radeon FreeSync, DAS Mode, 1ms MBR), schwarz",https://www.amazon.de/LG-29UM69G-Ultrawide-DisplayPort-Freesync/dp/B06Y634VP9/ref=sr_1_292?dchild=1&keywords=Monitor&qid=1617015166&sr=8-292,4.6,954.0,"243,07 €",monitor
"TERRA 3280W, 31,5"", LED-Monitor, gebogen (3030031)",https://www.amazon.de/Terra-3030031-TERRA-Curved-Monitor/dp/B0787BN223/ref=sr_1_293?dchild=1&keywords=Monitor&qid=1617015166&sr=8-293,4.7,8.0,"478,89 €",monitor
"Monitor Samsung LS24R350FHUXEN, Schwarz",https://www.amazon.de/Samsung-LS24R350FHUXEN-Monitor/dp/B07ZRTKP6D/ref=sr_1_294?dchild=1&keywords=Monitor&qid=1617015166&sr=8-294,4.6,330.0,"128,35 €",monitor
"HUAWEI FullHD Monitor 'AD80' mit 60,45 cm (23,8 Zoll) Diagonale, HDMI, VGA, Schwarz + HUAWEI AX3 3000 Mbit/s Dual Band WLAN Router",https://www.amazon.de/gp/slredirect/picassoRedirect.html/ref=pa_sp_mtf_aps_sr_pg19_1?ie=UTF8&adId=A06549932M6TA56G11CV3&url=%2FHUAWEI-FullHD-Monitor-Diagonale-Schwarz%2Fdp%2FB08WSCN3MY%2Fref%3Dsr_1_295_sspa%3Fdchild%3D1%26keywords%3DMonitor%26qid%3D1617015166%26sr%3D8-295-spons%26psc%3D1&qualifier=1617015166&id=8486014502729212&widgetName=sp_mtf,,,159.00,monitor
"Tragbares Computerdisplay, 17,3 Zoll 1080P Full HD Display, IPS Split Bildschirm High Definition Display mit gleichem Bildschirm, Unterstützung für HDMI/PS3/PS4 an der Wand",https://www.amazon.de/Bewinner1-Computerdisplay-3-Zoll-1080P-Full-HD-Display-IPS-Split-Bildschirm-High-Definition-Display-default/dp/B089M7BGNK/ref=sr_1_296?dchild=1&keywords=Monitor&qid=1617015166&sr=8-296,4.2,5.0,"229,09 €",monitor
"Portable Monitor - IVV 15.6 Zoll Tragbarer Monitor IPS Bildschirm 1920x1080 Full HD, Mobiler Monitor mit USB-C HDMI Anschluß für Handy, Laptop, PC, Raspberry Pi, Xbox, Switch, PS3/4/5 (Sliber)",https://www.amazon.de/Portable-Monitor-Tragbarer-Bildschirm-1920x1080/dp/B08TLZYPFV/ref=sr_1_297?dchild=1&keywords=Monitor&qid=1617015166&sr=8-297,4.5,70.0,"196,99 €",monitor
"iiyama G2740HSU-B1-27"", IPS, 1920x1080/75Hz, 1H1DP",https://www.amazon.de/iiyama-G2740HSU-B1-27-1920x1080-75Hz-1H1DP/dp/B08KHJVWFR/ref=sr_1_298?dchild=1&keywords=Monitor&qid=1617015166&sr=8-298,3.7,3.0,"156,00 €",monitor
"Acer EB1 (EB321HQUC) 80 cm (31,5 Zoll) IPS Monitor (DVI DL, HDMI, Displayport, WQHD 2.560 x 1.440, 4ms, 300 Nits)",https://www.amazon.de/Acer-EB321HQUCbidpx-Monitor-Reaktionszeit-Schwarz-Silber/dp/B07QLYC92S/ref=sr_1_299?dchild=1&keywords=Monitor&qid=1617015166&sr=8-299,4.3,18.0,"273,26 €",monitor
"Mobile Pixels Trio Tragbarer Monitor für Laptops, 31,8 cm (12,5 Zoll), Full HD IPS-Bildschirm, USB C/USB A Dual oder Triple Displays, Windows/OS/Android/Nintendo Switch",https://www.amazon.de/gp/slredirect/picassoRedirect.html/ref=pa_sp_mtf_aps_sr_pg19_1?ie=UTF8&adId=A02130472KR74X539FOID&url=%2FTragbarer-Monitor-IPS-Bildschirm-Displays-Nintendo%2Fdp%2FB08C4LQ857%2Fref%3Dsr_1_300_sspa%3Fdchild%3D1%26keywords%3DMonitor%26qid%3D1617015166%26sr%3D8-300-spons%26psc%3D1%26smid%3DA11BPZIRZ15GB0&qualifier=1617015166&id=8486014502729212&widgetName=sp_mtf,4.1,678.0,"279,99 €",monitor
"LG 34GN73A-B 86,36 cm (34 Zoll) UltraGear Curved 21:9 Full HD IPS Gaming-Monitor (144 Hz, 1ms MBR, G-SYNC-kompatibel, HDR10, mit Game Mode, Fadenkreuz, DAS), schwarz-rot",https://www.amazon.de/LG-34GN73A-B-UltraGear-Curved-G-SYNC-kompatibel/dp/B088BN6GK5/ref=sr_1_301?dchild=1&keywords=Monitor&qid=1617015166&sr=8-301,4.6,504.0,"441,57 €",monitor
"AOC CU34P2A - 34 Zoll WQHD Curved Monitor (3440x1440, 100Hz, HDMI, DisplayPort, USB Hub) schwarz",https://www.amazon.de/AOC-CU34P2A-Monitor-3440x1440-DisplayPort/dp/B08KP4VRRP/ref=sr_1_302?dchild=1&keywords=Monitor&qid=1617015166&sr=8-302,4.0,6.0,,monitor
GISS 24 Zoll PC Monitor 75Hz IPS LCD Display HD Desktop Büro Computer Flach Panel Bildschirm HDMI/DP Hause Schwarz Weiß (Black),https://www.amazon.de/Monitor-Display-Desktop-Computer-Bildschirm/dp/B08YXNR3QL/ref=sr_1_303?dchild=1&keywords=Monitor&qid=1617015166&sr=8-303,5.0,1.0,,monitor
"MEDION P53290 80 cm (31,5 Zoll) QHD Monitor (HDMI, DisplayPort, schlankes Gehäuse, multifunktionaler Standfuß, mehrsprachiges Menü)",https://www.amazon.de/MEDION-P53290-DisplayPort-multifunktionaler-mehrsprachiges/dp/B08WC1G3DS/ref=sr_1_304?dchild=1&keywords=Monitor&qid=1617015166&sr=8-304,,,"269,99 €",monitor
"Philips 242E1GAEZ - 24 Zoll FHD Gaming Monitor, 144 Hz, 1ms, FreeSync Premium (1920x1080, HDMI, DisplayPort) schwarz",https://www.amazon.de/gp/slredirect/picassoRedirect.html/ref=pa_sp_mtf_aps_sr_pg19_1?ie=UTF8&adId=A01983761L54K32A6Q5F7&url=%2FPhilips-242E1GAEZ-FreeSync-1920x1080-DisplayPort%2Fdp%2FB08KW8182D%2Fref%3Dsr_1_305_sspa%3Fdchild%3D1%26keywords%3DMonitor%26qid%3D1617015166%26sr%3D8-305-spons%26psc%3D1&qualifier=1617015166&id=8486014502729212&widgetName=sp_mtf,4.1,331.0,"179,00 €",monitor
"Asus ROG Strix XG43VQ 109,22cm (43 Zoll) HDR Gaming Monitor (Ultra HD, 120Hz, FreeSync 2 HDR, DisplayHDR 400, Shadow Boost, 1ms Reaktionszeit) schwarz",https://www.amazon.de/XG43VQ-Monitor-FreeSync-DisplayHDR-Reaktionszeit/dp/B082NSJJWX/ref=sr_1_306?dchild=1&keywords=Monitor&qid=1617015166&sr=8-306,4.6,1.174,"899,00 €",monitor
"LG 22BK55WD-W 55, 88cm 22Zoll LED LCD TFT 1.680x1.050 Pivot 16: 10 1000: 1 250CD 5ms Analog DVI-D D-SUB 2x1W Vesa TN TCO7.0 Weiss",https://www.amazon.de/LG-22BK55WD-W-22Zoll-1-680x1-050-Pivot/dp/B01N5XWPMC/ref=sr_1_307?dchild=1&keywords=Monitor&qid=1617015166&sr=8-307,5.0,1.0,"99,97 €",monitor
"144Hz Monitor, Prechen 15.6 Zoll Tragbarer Monitor FHD 1920X1080P, Gaming Portable Monitor Eingebaute Lautsprecher IPS Monitor für PS4 / Xbox/PC/Handy/Laptop",https://www.amazon.de/Prechen-Tragbarer-1920X1080P-Eingebaute-Lautsprecher/dp/B08Q7NBCRB/ref=sr_1_308?dchild=1&keywords=Monitor&qid=1617015166&sr=8-308,,,"199,99 €",monitor
"JOHNWILL tragbarer Monitor 7 Zoll LCD Full HD 1024x600 tragbarer Monitor, AV-Eingang/VGA/HDMI-Gehäuse aus schwarzem Metall",https://www.amazon.de/JOHNWILL-tragbarer-AV-Eingang-HDMI-Geh%C3%A4use-schwarzem/dp/B07R6PTPS5/ref=sr_1_309?dchild=1&keywords=Monitor&qid=1617015166&sr=8-309,4.1,300.0,"59,99 €",monitor
"19 Zoll PC Monitor, Prechen Monitor 1440 * 900 mit HDMI- und VGA-Schnittstellen, 60 Hz, Helligkeit 250 cd/m², 5 ms Reaktionszeit, Eingebaute Lautsprecher PC Bildschirm, Schwarz",https://www.amazon.de/gp/slredirect/picassoRedirect.html/ref=pa_sp_btf_aps_sr_pg19_1?ie=UTF8&adId=A080316418WPFI1U6F8DR&url=%2FPrechen-Reaktionszeit-Lautsprecher-VGA-Schnittstellen-Gaming-Bildschirm%2Fdp%2FB0822G21YZ%2Fref%3Dsr_1_310_sspa%3Fdchild%3D1%26keywords%3DMonitor%26qid%3D1617015166%26sr%3D8-310-spons%26psc%3D1&qualifier=1617015166&id=8486014502729212&widgetName=sp_btf,3.8,180.0,"89,99 €",monitor
"LG 49WL95C-W 124,46 cm (49 Zoll) Curved 32:9 UltraWide™ Dual QHD IPS Monitor (HDR10, USB Type-C, DAS Mode, Rich Bass), schwarz weiß",https://www.amazon.de/LG-49WL95C-W-124-Zoll-Curved/dp/B07PD19Y5P/ref=sr_1_305?dchild=1&keywords=Monitor&qid=1617015167&sr=8-305,4.4,152.0,"1.499,00 €",monitor
"LG 22MK600M Monitor, 21.5"", LED IPS Full HD (1920x1080), 5 ms, Radeon FreeSync 75 Hz, VGA, HDMI, Borderless",https://www.amazon.de/LG-22MK600M-1920x1080-FreeSync-Borderless/dp/B07FKLTHC5/ref=sr_1_306?dchild=1&keywords=Monitor&qid=1617015167&sr=8-306,4.6,651.0,"142,13 €",monitor
